ISO-10303-21;
HEADER;
FILE_DESCRIPTION(('STEP AP242'),
    '1');
FILE_NAME('крепежная планка',
    '2026-09-03T17:08:45',
    (''),
    ('HP Inc.'),
    'C3D Converter',
    'C3D Toolkit',
    '');
/**/
FILE_SCHEMA(('AP242_MANAGED_MODEL_BASED_3D_ENGINEERING_MIM_LF { 1 0 10303 442 1 1 4 }'));
ENDSEC;

DATA;
#1=PRODUCT_DEFINITION('','UNSPECIFIED',#28,#31);
#2=SHAPE_DEFINITION_REPRESENTATION(#26,#3);
#3=SHAPE_REPRESENTATION('NONE',(#4),#8);
#4=AXIS2_PLACEMENT_3D('',#5,#6,#7);
#5=CARTESIAN_POINT('',(0.,0.,0.));
#6=DIRECTION('',(0.,0.,1.));
#7=DIRECTION('',(1.,0.,0.));
#8=(GEOMETRIC_REPRESENTATION_CONTEXT(3)GLOBAL_UNCERTAINTY_ASSIGNED_CONTEXT((#10))
GLOBAL_UNIT_ASSIGNED_CONTEXT((#9,#11,#12))REPRESENTATION_CONTEXT('NONE','NONE'));
#9=(LENGTH_UNIT()NAMED_UNIT(*)SI_UNIT(.MILLI.,.METRE.));
#10=UNCERTAINTY_MEASURE_WITH_UNIT(LENGTH_MEASURE(1.E-5),#9,'NONE','NONE');
#11=(NAMED_UNIT(*)PLANE_ANGLE_UNIT()SI_UNIT($,.RADIAN.));
#12=(NAMED_UNIT(*)SI_UNIT($,.STERADIAN.)SOLID_ANGLE_UNIT());
#13=MANIFOLD_SOLID_BREP('',#14);
#14=CLOSED_SHELL('',(#53,#62,#71,#80,#89,#98,#107,#116,#125,#134,#143,#152,#161,
#170,#179,#188,#197,#206,#215,#224,#233,#242,#251,#260,#269,#278,#287,#296,#305,
#314,#323,#332,#341,#350,#359,#368,#377,#386,#395,#404,#413,#422,#431,#440,#449,
#458,#467,#476,#485,#494,#503,#512,#521,#530,#539,#548,#557,#566,#575,#584,#593,
#602,#611,#620,#629,#638,#647,#656,#665,#674,#683,#692,#701,#710,#719,#728,#737,
#746,#755,#764,#773));
#15=COLOUR_RGB('',0.564705882352941,0.564705882352941,0.564705882352941);
#16=FILL_AREA_STYLE_COLOUR('',#15);
#17=FILL_AREA_STYLE($,(#16));
#18=SURFACE_STYLE_FILL_AREA(#17);
#19=SURFACE_SIDE_STYLE('',(#18));
#20=SURFACE_STYLE_USAGE(.BOTH.,#19);
#21=PRESENTATION_STYLE_ASSIGNMENT((#20));
#22=MECHANICAL_DESIGN_GEOMETRIC_PRESENTATION_REPRESENTATION('NONE',(#23,#61,#70,
#79,#88,#97,#106,#115,#124,#133,#142,#151,#160,#169,#178,#187,#196,#205,#214,#223,
#232,#241,#250,#259,#268,#277,#286,#295,#304,#313,#322,#331,#340,#349,#358,#367,
#376,#385,#394,#403,#412,#421,#430,#439,#448,#457,#466,#475,#484,#493,#502,#511,
#520,#529,#538,#547,#556,#565,#574,#583,#592,#601,#610,#619,#628,#637,#646,#655,
#664,#673,#682,#691,#700,#709,#718,#727,#736,#745,#754,#763,#772,#781),#8);
#23=STYLED_ITEM('',(#21),#13);
#24=ADVANCED_BREP_SHAPE_REPRESENTATION('NONE',(#13),#8);
#25=SHAPE_REPRESENTATION_RELATIONSHIP('','',#3,#24);
#26=PRODUCT_DEFINITION_SHAPE('NONE','NONE',#1);
#27=MECHANICAL_CONTEXT('NONE',#32,'mechanical');
#28=PRODUCT_DEFINITION_FORMATION_WITH_SPECIFIED_SOURCE('ANY','UNSPECIFIED',#29,.NOT_KNOWN.);
#29=PRODUCT('','\X2\0414043504420430043B044C\X0\','NONE',(#27));
#30=PRODUCT_RELATED_PRODUCT_CATEGORY('detail','',(#29));
#31=DESIGN_CONTEXT('detailed design',#32,'design');
#32=APPLICATION_CONTEXT('configuration controlled 3d designs of mechanical parts and assemblies');
#33=APPLICATION_PROTOCOL_DEFINITION('international standard','config_control_design',
1994,#32);
#34=CC_DESIGN_DATE_AND_TIME_ASSIGNMENT(#35,#39,(#1));
#35=DATE_AND_TIME(#36,#37);
#36=CALENDAR_DATE(0,1,1);
#37=LOCAL_TIME(0,0,0.,#38);
#38=COORDINATED_UNIVERSAL_TIME_OFFSET(0,0,.AHEAD.);
#39=DATE_TIME_ROLE('creation_date');
#40=CC_DESIGN_APPROVAL(#41,(#1));
#41=APPROVAL(#42,'UNSPECIFIED');
#42=APPROVAL_STATUS('not_yet_approved');
#43=APPROVAL_DATE_TIME(#44,#41);
#44=DATE_AND_TIME(#45,#46);
#45=CALENDAR_DATE(0,1,1);
#46=LOCAL_TIME(0,0,0.,#47);
#47=COORDINATED_UNIVERSAL_TIME_OFFSET(0,0,.AHEAD.);
#48=PERSON('UNSPECIFIED','','UNSPECIFIED',('UNSPECIFIED'),('UNSPECIFIED'),
('UNSPECIFIED'));
#49=ORGANIZATION('UNSPECIFIED','HP Inc.','UNSPECIFIED');
#50=PERSON_AND_ORGANIZATION(#48,#49);
#51=PERSON_AND_ORGANIZATION_ROLE('creator');
#52=CC_DESIGN_PERSON_AND_ORGANIZATION_ASSIGNMENT(#50,#51,(#28,#1));
#53=ADVANCED_FACE('',(#782,#784,#786,#788,#790,#792),#794,.T.);
#54=COLOUR_RGB('',0.564705882352941,0.564705882352941,0.564705882352941);
#55=FILL_AREA_STYLE_COLOUR('',#54);
#56=FILL_AREA_STYLE($,(#55));
#57=SURFACE_STYLE_FILL_AREA(#56);
#58=SURFACE_SIDE_STYLE('',(#57));
#59=SURFACE_STYLE_USAGE(.BOTH.,#58);
#60=PRESENTATION_STYLE_ASSIGNMENT((#59));
#61=STYLED_ITEM('',(#60),#53);
#62=ADVANCED_FACE('',(#799),#801,.T.);
#63=COLOUR_RGB('',0.564705882352941,0.564705882352941,0.564705882352941);
#64=FILL_AREA_STYLE_COLOUR('',#63);
#65=FILL_AREA_STYLE($,(#64));
#66=SURFACE_STYLE_FILL_AREA(#65);
#67=SURFACE_SIDE_STYLE('',(#66));
#68=SURFACE_STYLE_USAGE(.BOTH.,#67);
#69=PRESENTATION_STYLE_ASSIGNMENT((#68));
#70=STYLED_ITEM('',(#69),#62);
#71=ADVANCED_FACE('',(#806),#808,.T.);
#72=COLOUR_RGB('',0.564705882352941,0.564705882352941,0.564705882352941);
#73=FILL_AREA_STYLE_COLOUR('',#72);
#74=FILL_AREA_STYLE($,(#73));
#75=SURFACE_STYLE_FILL_AREA(#74);
#76=SURFACE_SIDE_STYLE('',(#75));
#77=SURFACE_STYLE_USAGE(.BOTH.,#76);
#78=PRESENTATION_STYLE_ASSIGNMENT((#77));
#79=STYLED_ITEM('',(#78),#71);
#80=ADVANCED_FACE('',(#813),#815,.T.);
#81=COLOUR_RGB('',0.564705882352941,0.564705882352941,0.564705882352941);
#82=FILL_AREA_STYLE_COLOUR('',#81);
#83=FILL_AREA_STYLE($,(#82));
#84=SURFACE_STYLE_FILL_AREA(#83);
#85=SURFACE_SIDE_STYLE('',(#84));
#86=SURFACE_STYLE_USAGE(.BOTH.,#85);
#87=PRESENTATION_STYLE_ASSIGNMENT((#86));
#88=STYLED_ITEM('',(#87),#80);
#89=ADVANCED_FACE('',(#820),#822,.T.);
#90=COLOUR_RGB('',0.564705882352941,0.564705882352941,0.564705882352941);
#91=FILL_AREA_STYLE_COLOUR('',#90);
#92=FILL_AREA_STYLE($,(#91));
#93=SURFACE_STYLE_FILL_AREA(#92);
#94=SURFACE_SIDE_STYLE('',(#93));
#95=SURFACE_STYLE_USAGE(.BOTH.,#94);
#96=PRESENTATION_STYLE_ASSIGNMENT((#95));
#97=STYLED_ITEM('',(#96),#89);
#98=ADVANCED_FACE('',(#827),#829,.T.);
#99=COLOUR_RGB('',0.564705882352941,0.564705882352941,0.564705882352941);
#100=FILL_AREA_STYLE_COLOUR('',#99);
#101=FILL_AREA_STYLE($,(#100));
#102=SURFACE_STYLE_FILL_AREA(#101);
#103=SURFACE_SIDE_STYLE('',(#102));
#104=SURFACE_STYLE_USAGE(.BOTH.,#103);
#105=PRESENTATION_STYLE_ASSIGNMENT((#104));
#106=STYLED_ITEM('',(#105),#98);
#107=ADVANCED_FACE('',(#834),#836,.T.);
#108=COLOUR_RGB('',0.564705882352941,0.564705882352941,0.564705882352941);
#109=FILL_AREA_STYLE_COLOUR('',#108);
#110=FILL_AREA_STYLE($,(#109));
#111=SURFACE_STYLE_FILL_AREA(#110);
#112=SURFACE_SIDE_STYLE('',(#111));
#113=SURFACE_STYLE_USAGE(.BOTH.,#112);
#114=PRESENTATION_STYLE_ASSIGNMENT((#113));
#115=STYLED_ITEM('',(#114),#107);
#116=ADVANCED_FACE('',(#841),#843,.T.);
#117=COLOUR_RGB('',0.564705882352941,0.564705882352941,0.564705882352941);
#118=FILL_AREA_STYLE_COLOUR('',#117);
#119=FILL_AREA_STYLE($,(#118));
#120=SURFACE_STYLE_FILL_AREA(#119);
#121=SURFACE_SIDE_STYLE('',(#120));
#122=SURFACE_STYLE_USAGE(.BOTH.,#121);
#123=PRESENTATION_STYLE_ASSIGNMENT((#122));
#124=STYLED_ITEM('',(#123),#116);
#125=ADVANCED_FACE('',(#848),#850,.T.);
#126=COLOUR_RGB('',0.564705882352941,0.564705882352941,0.564705882352941);
#127=FILL_AREA_STYLE_COLOUR('',#126);
#128=FILL_AREA_STYLE($,(#127));
#129=SURFACE_STYLE_FILL_AREA(#128);
#130=SURFACE_SIDE_STYLE('',(#129));
#131=SURFACE_STYLE_USAGE(.BOTH.,#130);
#132=PRESENTATION_STYLE_ASSIGNMENT((#131));
#133=STYLED_ITEM('',(#132),#125);
#134=ADVANCED_FACE('',(#855),#857,.T.);
#135=COLOUR_RGB('',0.564705882352941,0.564705882352941,0.564705882352941);
#136=FILL_AREA_STYLE_COLOUR('',#135);
#137=FILL_AREA_STYLE($,(#136));
#138=SURFACE_STYLE_FILL_AREA(#137);
#139=SURFACE_SIDE_STYLE('',(#138));
#140=SURFACE_STYLE_USAGE(.BOTH.,#139);
#141=PRESENTATION_STYLE_ASSIGNMENT((#140));
#142=STYLED_ITEM('',(#141),#134);
#143=ADVANCED_FACE('',(#862),#864,.T.);
#144=COLOUR_RGB('',0.564705882352941,0.564705882352941,0.564705882352941);
#145=FILL_AREA_STYLE_COLOUR('',#144);
#146=FILL_AREA_STYLE($,(#145));
#147=SURFACE_STYLE_FILL_AREA(#146);
#148=SURFACE_SIDE_STYLE('',(#147));
#149=SURFACE_STYLE_USAGE(.BOTH.,#148);
#150=PRESENTATION_STYLE_ASSIGNMENT((#149));
#151=STYLED_ITEM('',(#150),#143);
#152=ADVANCED_FACE('',(#869),#871,.T.);
#153=COLOUR_RGB('',0.564705882352941,0.564705882352941,0.564705882352941);
#154=FILL_AREA_STYLE_COLOUR('',#153);
#155=FILL_AREA_STYLE($,(#154));
#156=SURFACE_STYLE_FILL_AREA(#155);
#157=SURFACE_SIDE_STYLE('',(#156));
#158=SURFACE_STYLE_USAGE(.BOTH.,#157);
#159=PRESENTATION_STYLE_ASSIGNMENT((#158));
#160=STYLED_ITEM('',(#159),#152);
#161=ADVANCED_FACE('',(#876),#878,.T.);
#162=COLOUR_RGB('',0.564705882352941,0.564705882352941,0.564705882352941);
#163=FILL_AREA_STYLE_COLOUR('',#162);
#164=FILL_AREA_STYLE($,(#163));
#165=SURFACE_STYLE_FILL_AREA(#164);
#166=SURFACE_SIDE_STYLE('',(#165));
#167=SURFACE_STYLE_USAGE(.BOTH.,#166);
#168=PRESENTATION_STYLE_ASSIGNMENT((#167));
#169=STYLED_ITEM('',(#168),#161);
#170=ADVANCED_FACE('',(#883),#885,.T.);
#171=COLOUR_RGB('',0.564705882352941,0.564705882352941,0.564705882352941);
#172=FILL_AREA_STYLE_COLOUR('',#171);
#173=FILL_AREA_STYLE($,(#172));
#174=SURFACE_STYLE_FILL_AREA(#173);
#175=SURFACE_SIDE_STYLE('',(#174));
#176=SURFACE_STYLE_USAGE(.BOTH.,#175);
#177=PRESENTATION_STYLE_ASSIGNMENT((#176));
#178=STYLED_ITEM('',(#177),#170);
#179=ADVANCED_FACE('',(#890),#892,.T.);
#180=COLOUR_RGB('',0.564705882352941,0.564705882352941,0.564705882352941);
#181=FILL_AREA_STYLE_COLOUR('',#180);
#182=FILL_AREA_STYLE($,(#181));
#183=SURFACE_STYLE_FILL_AREA(#182);
#184=SURFACE_SIDE_STYLE('',(#183));
#185=SURFACE_STYLE_USAGE(.BOTH.,#184);
#186=PRESENTATION_STYLE_ASSIGNMENT((#185));
#187=STYLED_ITEM('',(#186),#179);
#188=ADVANCED_FACE('',(#897),#899,.T.);
#189=COLOUR_RGB('',0.564705882352941,0.564705882352941,0.564705882352941);
#190=FILL_AREA_STYLE_COLOUR('',#189);
#191=FILL_AREA_STYLE($,(#190));
#192=SURFACE_STYLE_FILL_AREA(#191);
#193=SURFACE_SIDE_STYLE('',(#192));
#194=SURFACE_STYLE_USAGE(.BOTH.,#193);
#195=PRESENTATION_STYLE_ASSIGNMENT((#194));
#196=STYLED_ITEM('',(#195),#188);
#197=ADVANCED_FACE('',(#904),#906,.T.);
#198=COLOUR_RGB('',0.564705882352941,0.564705882352941,0.564705882352941);
#199=FILL_AREA_STYLE_COLOUR('',#198);
#200=FILL_AREA_STYLE($,(#199));
#201=SURFACE_STYLE_FILL_AREA(#200);
#202=SURFACE_SIDE_STYLE('',(#201));
#203=SURFACE_STYLE_USAGE(.BOTH.,#202);
#204=PRESENTATION_STYLE_ASSIGNMENT((#203));
#205=STYLED_ITEM('',(#204),#197);
#206=ADVANCED_FACE('',(#911),#913,.T.);
#207=COLOUR_RGB('',0.564705882352941,0.564705882352941,0.564705882352941);
#208=FILL_AREA_STYLE_COLOUR('',#207);
#209=FILL_AREA_STYLE($,(#208));
#210=SURFACE_STYLE_FILL_AREA(#209);
#211=SURFACE_SIDE_STYLE('',(#210));
#212=SURFACE_STYLE_USAGE(.BOTH.,#211);
#213=PRESENTATION_STYLE_ASSIGNMENT((#212));
#214=STYLED_ITEM('',(#213),#206);
#215=ADVANCED_FACE('',(#918),#920,.T.);
#216=COLOUR_RGB('',0.564705882352941,0.564705882352941,0.564705882352941);
#217=FILL_AREA_STYLE_COLOUR('',#216);
#218=FILL_AREA_STYLE($,(#217));
#219=SURFACE_STYLE_FILL_AREA(#218);
#220=SURFACE_SIDE_STYLE('',(#219));
#221=SURFACE_STYLE_USAGE(.BOTH.,#220);
#222=PRESENTATION_STYLE_ASSIGNMENT((#221));
#223=STYLED_ITEM('',(#222),#215);
#224=ADVANCED_FACE('',(#925),#927,.T.);
#225=COLOUR_RGB('',0.564705882352941,0.564705882352941,0.564705882352941);
#226=FILL_AREA_STYLE_COLOUR('',#225);
#227=FILL_AREA_STYLE($,(#226));
#228=SURFACE_STYLE_FILL_AREA(#227);
#229=SURFACE_SIDE_STYLE('',(#228));
#230=SURFACE_STYLE_USAGE(.BOTH.,#229);
#231=PRESENTATION_STYLE_ASSIGNMENT((#230));
#232=STYLED_ITEM('',(#231),#224);
#233=ADVANCED_FACE('',(#932),#934,.T.);
#234=COLOUR_RGB('',0.564705882352941,0.564705882352941,0.564705882352941);
#235=FILL_AREA_STYLE_COLOUR('',#234);
#236=FILL_AREA_STYLE($,(#235));
#237=SURFACE_STYLE_FILL_AREA(#236);
#238=SURFACE_SIDE_STYLE('',(#237));
#239=SURFACE_STYLE_USAGE(.BOTH.,#238);
#240=PRESENTATION_STYLE_ASSIGNMENT((#239));
#241=STYLED_ITEM('',(#240),#233);
#242=ADVANCED_FACE('',(#939,#941),#943,.T.);
#243=COLOUR_RGB('',0.564705882352941,0.564705882352941,0.564705882352941);
#244=FILL_AREA_STYLE_COLOUR('',#243);
#245=FILL_AREA_STYLE($,(#244));
#246=SURFACE_STYLE_FILL_AREA(#245);
#247=SURFACE_SIDE_STYLE('',(#246));
#248=SURFACE_STYLE_USAGE(.BOTH.,#247);
#249=PRESENTATION_STYLE_ASSIGNMENT((#248));
#250=STYLED_ITEM('',(#249),#242);
#251=ADVANCED_FACE('',(#948),#950,.T.);
#252=COLOUR_RGB('',0.564705882352941,0.564705882352941,0.564705882352941);
#253=FILL_AREA_STYLE_COLOUR('',#252);
#254=FILL_AREA_STYLE($,(#253));
#255=SURFACE_STYLE_FILL_AREA(#254);
#256=SURFACE_SIDE_STYLE('',(#255));
#257=SURFACE_STYLE_USAGE(.BOTH.,#256);
#258=PRESENTATION_STYLE_ASSIGNMENT((#257));
#259=STYLED_ITEM('',(#258),#251);
#260=ADVANCED_FACE('',(#955),#957,.T.);
#261=COLOUR_RGB('',0.564705882352941,0.564705882352941,0.564705882352941);
#262=FILL_AREA_STYLE_COLOUR('',#261);
#263=FILL_AREA_STYLE($,(#262));
#264=SURFACE_STYLE_FILL_AREA(#263);
#265=SURFACE_SIDE_STYLE('',(#264));
#266=SURFACE_STYLE_USAGE(.BOTH.,#265);
#267=PRESENTATION_STYLE_ASSIGNMENT((#266));
#268=STYLED_ITEM('',(#267),#260);
#269=ADVANCED_FACE('',(#962),#964,.T.);
#270=COLOUR_RGB('',0.564705882352941,0.564705882352941,0.564705882352941);
#271=FILL_AREA_STYLE_COLOUR('',#270);
#272=FILL_AREA_STYLE($,(#271));
#273=SURFACE_STYLE_FILL_AREA(#272);
#274=SURFACE_SIDE_STYLE('',(#273));
#275=SURFACE_STYLE_USAGE(.BOTH.,#274);
#276=PRESENTATION_STYLE_ASSIGNMENT((#275));
#277=STYLED_ITEM('',(#276),#269);
#278=ADVANCED_FACE('',(#969),#971,.T.);
#279=COLOUR_RGB('',0.564705882352941,0.564705882352941,0.564705882352941);
#280=FILL_AREA_STYLE_COLOUR('',#279);
#281=FILL_AREA_STYLE($,(#280));
#282=SURFACE_STYLE_FILL_AREA(#281);
#283=SURFACE_SIDE_STYLE('',(#282));
#284=SURFACE_STYLE_USAGE(.BOTH.,#283);
#285=PRESENTATION_STYLE_ASSIGNMENT((#284));
#286=STYLED_ITEM('',(#285),#278);
#287=ADVANCED_FACE('',(#976),#978,.F.);
#288=COLOUR_RGB('',0.564705882352941,0.564705882352941,0.564705882352941);
#289=FILL_AREA_STYLE_COLOUR('',#288);
#290=FILL_AREA_STYLE($,(#289));
#291=SURFACE_STYLE_FILL_AREA(#290);
#292=SURFACE_SIDE_STYLE('',(#291));
#293=SURFACE_STYLE_USAGE(.BOTH.,#292);
#294=PRESENTATION_STYLE_ASSIGNMENT((#293));
#295=STYLED_ITEM('',(#294),#287);
#296=ADVANCED_FACE('',(#983),#985,.T.);
#297=COLOUR_RGB('',0.564705882352941,0.564705882352941,0.564705882352941);
#298=FILL_AREA_STYLE_COLOUR('',#297);
#299=FILL_AREA_STYLE($,(#298));
#300=SURFACE_STYLE_FILL_AREA(#299);
#301=SURFACE_SIDE_STYLE('',(#300));
#302=SURFACE_STYLE_USAGE(.BOTH.,#301);
#303=PRESENTATION_STYLE_ASSIGNMENT((#302));
#304=STYLED_ITEM('',(#303),#296);
#305=ADVANCED_FACE('',(#990),#992,.F.);
#306=COLOUR_RGB('',0.564705882352941,0.564705882352941,0.564705882352941);
#307=FILL_AREA_STYLE_COLOUR('',#306);
#308=FILL_AREA_STYLE($,(#307));
#309=SURFACE_STYLE_FILL_AREA(#308);
#310=SURFACE_SIDE_STYLE('',(#309));
#311=SURFACE_STYLE_USAGE(.BOTH.,#310);
#312=PRESENTATION_STYLE_ASSIGNMENT((#311));
#313=STYLED_ITEM('',(#312),#305);
#314=ADVANCED_FACE('',(#997),#999,.T.);
#315=COLOUR_RGB('',0.564705882352941,0.564705882352941,0.564705882352941);
#316=FILL_AREA_STYLE_COLOUR('',#315);
#317=FILL_AREA_STYLE($,(#316));
#318=SURFACE_STYLE_FILL_AREA(#317);
#319=SURFACE_SIDE_STYLE('',(#318));
#320=SURFACE_STYLE_USAGE(.BOTH.,#319);
#321=PRESENTATION_STYLE_ASSIGNMENT((#320));
#322=STYLED_ITEM('',(#321),#314);
#323=ADVANCED_FACE('',(#1004),#1006,.T.);
#324=COLOUR_RGB('',0.564705882352941,0.564705882352941,0.564705882352941);
#325=FILL_AREA_STYLE_COLOUR('',#324);
#326=FILL_AREA_STYLE($,(#325));
#327=SURFACE_STYLE_FILL_AREA(#326);
#328=SURFACE_SIDE_STYLE('',(#327));
#329=SURFACE_STYLE_USAGE(.BOTH.,#328);
#330=PRESENTATION_STYLE_ASSIGNMENT((#329));
#331=STYLED_ITEM('',(#330),#323);
#332=ADVANCED_FACE('',(#1011),#1013,.T.);
#333=COLOUR_RGB('',0.564705882352941,0.564705882352941,0.564705882352941);
#334=FILL_AREA_STYLE_COLOUR('',#333);
#335=FILL_AREA_STYLE($,(#334));
#336=SURFACE_STYLE_FILL_AREA(#335);
#337=SURFACE_SIDE_STYLE('',(#336));
#338=SURFACE_STYLE_USAGE(.BOTH.,#337);
#339=PRESENTATION_STYLE_ASSIGNMENT((#338));
#340=STYLED_ITEM('',(#339),#332);
#341=ADVANCED_FACE('',(#1018),#1020,.F.);
#342=COLOUR_RGB('',0.564705882352941,0.564705882352941,0.564705882352941);
#343=FILL_AREA_STYLE_COLOUR('',#342);
#344=FILL_AREA_STYLE($,(#343));
#345=SURFACE_STYLE_FILL_AREA(#344);
#346=SURFACE_SIDE_STYLE('',(#345));
#347=SURFACE_STYLE_USAGE(.BOTH.,#346);
#348=PRESENTATION_STYLE_ASSIGNMENT((#347));
#349=STYLED_ITEM('',(#348),#341);
#350=ADVANCED_FACE('',(#1025),#1027,.T.);
#351=COLOUR_RGB('',0.564705882352941,0.564705882352941,0.564705882352941);
#352=FILL_AREA_STYLE_COLOUR('',#351);
#353=FILL_AREA_STYLE($,(#352));
#354=SURFACE_STYLE_FILL_AREA(#353);
#355=SURFACE_SIDE_STYLE('',(#354));
#356=SURFACE_STYLE_USAGE(.BOTH.,#355);
#357=PRESENTATION_STYLE_ASSIGNMENT((#356));
#358=STYLED_ITEM('',(#357),#350);
#359=ADVANCED_FACE('',(#1032),#1034,.T.);
#360=COLOUR_RGB('',0.564705882352941,0.564705882352941,0.564705882352941);
#361=FILL_AREA_STYLE_COLOUR('',#360);
#362=FILL_AREA_STYLE($,(#361));
#363=SURFACE_STYLE_FILL_AREA(#362);
#364=SURFACE_SIDE_STYLE('',(#363));
#365=SURFACE_STYLE_USAGE(.BOTH.,#364);
#366=PRESENTATION_STYLE_ASSIGNMENT((#365));
#367=STYLED_ITEM('',(#366),#359);
#368=ADVANCED_FACE('',(#1039),#1041,.T.);
#369=COLOUR_RGB('',0.564705882352941,0.564705882352941,0.564705882352941);
#370=FILL_AREA_STYLE_COLOUR('',#369);
#371=FILL_AREA_STYLE($,(#370));
#372=SURFACE_STYLE_FILL_AREA(#371);
#373=SURFACE_SIDE_STYLE('',(#372));
#374=SURFACE_STYLE_USAGE(.BOTH.,#373);
#375=PRESENTATION_STYLE_ASSIGNMENT((#374));
#376=STYLED_ITEM('',(#375),#368);
#377=ADVANCED_FACE('',(#1046),#1048,.T.);
#378=COLOUR_RGB('',0.564705882352941,0.564705882352941,0.564705882352941);
#379=FILL_AREA_STYLE_COLOUR('',#378);
#380=FILL_AREA_STYLE($,(#379));
#381=SURFACE_STYLE_FILL_AREA(#380);
#382=SURFACE_SIDE_STYLE('',(#381));
#383=SURFACE_STYLE_USAGE(.BOTH.,#382);
#384=PRESENTATION_STYLE_ASSIGNMENT((#383));
#385=STYLED_ITEM('',(#384),#377);
#386=ADVANCED_FACE('',(#1053),#1055,.F.);
#387=COLOUR_RGB('',0.564705882352941,0.564705882352941,0.564705882352941);
#388=FILL_AREA_STYLE_COLOUR('',#387);
#389=FILL_AREA_STYLE($,(#388));
#390=SURFACE_STYLE_FILL_AREA(#389);
#391=SURFACE_SIDE_STYLE('',(#390));
#392=SURFACE_STYLE_USAGE(.BOTH.,#391);
#393=PRESENTATION_STYLE_ASSIGNMENT((#392));
#394=STYLED_ITEM('',(#393),#386);
#395=ADVANCED_FACE('',(#1060),#1062,.F.);
#396=COLOUR_RGB('',0.564705882352941,0.564705882352941,0.564705882352941);
#397=FILL_AREA_STYLE_COLOUR('',#396);
#398=FILL_AREA_STYLE($,(#397));
#399=SURFACE_STYLE_FILL_AREA(#398);
#400=SURFACE_SIDE_STYLE('',(#399));
#401=SURFACE_STYLE_USAGE(.BOTH.,#400);
#402=PRESENTATION_STYLE_ASSIGNMENT((#401));
#403=STYLED_ITEM('',(#402),#395);
#404=ADVANCED_FACE('',(#1067),#1069,.T.);
#405=COLOUR_RGB('',0.564705882352941,0.564705882352941,0.564705882352941);
#406=FILL_AREA_STYLE_COLOUR('',#405);
#407=FILL_AREA_STYLE($,(#406));
#408=SURFACE_STYLE_FILL_AREA(#407);
#409=SURFACE_SIDE_STYLE('',(#408));
#410=SURFACE_STYLE_USAGE(.BOTH.,#409);
#411=PRESENTATION_STYLE_ASSIGNMENT((#410));
#412=STYLED_ITEM('',(#411),#404);
#413=ADVANCED_FACE('',(#1074),#1076,.T.);
#414=COLOUR_RGB('',0.564705882352941,0.564705882352941,0.564705882352941);
#415=FILL_AREA_STYLE_COLOUR('',#414);
#416=FILL_AREA_STYLE($,(#415));
#417=SURFACE_STYLE_FILL_AREA(#416);
#418=SURFACE_SIDE_STYLE('',(#417));
#419=SURFACE_STYLE_USAGE(.BOTH.,#418);
#420=PRESENTATION_STYLE_ASSIGNMENT((#419));
#421=STYLED_ITEM('',(#420),#413);
#422=ADVANCED_FACE('',(#1081),#1083,.T.);
#423=COLOUR_RGB('',0.564705882352941,0.564705882352941,0.564705882352941);
#424=FILL_AREA_STYLE_COLOUR('',#423);
#425=FILL_AREA_STYLE($,(#424));
#426=SURFACE_STYLE_FILL_AREA(#425);
#427=SURFACE_SIDE_STYLE('',(#426));
#428=SURFACE_STYLE_USAGE(.BOTH.,#427);
#429=PRESENTATION_STYLE_ASSIGNMENT((#428));
#430=STYLED_ITEM('',(#429),#422);
#431=ADVANCED_FACE('',(#1088),#1090,.F.);
#432=COLOUR_RGB('',0.564705882352941,0.564705882352941,0.564705882352941);
#433=FILL_AREA_STYLE_COLOUR('',#432);
#434=FILL_AREA_STYLE($,(#433));
#435=SURFACE_STYLE_FILL_AREA(#434);
#436=SURFACE_SIDE_STYLE('',(#435));
#437=SURFACE_STYLE_USAGE(.BOTH.,#436);
#438=PRESENTATION_STYLE_ASSIGNMENT((#437));
#439=STYLED_ITEM('',(#438),#431);
#440=ADVANCED_FACE('',(#1095),#1097,.F.);
#441=COLOUR_RGB('',0.564705882352941,0.564705882352941,0.564705882352941);
#442=FILL_AREA_STYLE_COLOUR('',#441);
#443=FILL_AREA_STYLE($,(#442));
#444=SURFACE_STYLE_FILL_AREA(#443);
#445=SURFACE_SIDE_STYLE('',(#444));
#446=SURFACE_STYLE_USAGE(.BOTH.,#445);
#447=PRESENTATION_STYLE_ASSIGNMENT((#446));
#448=STYLED_ITEM('',(#447),#440);
#449=ADVANCED_FACE('',(#1102),#1104,.F.);
#450=COLOUR_RGB('',0.564705882352941,0.564705882352941,0.564705882352941);
#451=FILL_AREA_STYLE_COLOUR('',#450);
#452=FILL_AREA_STYLE($,(#451));
#453=SURFACE_STYLE_FILL_AREA(#452);
#454=SURFACE_SIDE_STYLE('',(#453));
#455=SURFACE_STYLE_USAGE(.BOTH.,#454);
#456=PRESENTATION_STYLE_ASSIGNMENT((#455));
#457=STYLED_ITEM('',(#456),#449);
#458=ADVANCED_FACE('',(#1109),#1111,.F.);
#459=COLOUR_RGB('',0.564705882352941,0.564705882352941,0.564705882352941);
#460=FILL_AREA_STYLE_COLOUR('',#459);
#461=FILL_AREA_STYLE($,(#460));
#462=SURFACE_STYLE_FILL_AREA(#461);
#463=SURFACE_SIDE_STYLE('',(#462));
#464=SURFACE_STYLE_USAGE(.BOTH.,#463);
#465=PRESENTATION_STYLE_ASSIGNMENT((#464));
#466=STYLED_ITEM('',(#465),#458);
#467=ADVANCED_FACE('',(#1116),#1118,.F.);
#468=COLOUR_RGB('',0.564705882352941,0.564705882352941,0.564705882352941);
#469=FILL_AREA_STYLE_COLOUR('',#468);
#470=FILL_AREA_STYLE($,(#469));
#471=SURFACE_STYLE_FILL_AREA(#470);
#472=SURFACE_SIDE_STYLE('',(#471));
#473=SURFACE_STYLE_USAGE(.BOTH.,#472);
#474=PRESENTATION_STYLE_ASSIGNMENT((#473));
#475=STYLED_ITEM('',(#474),#467);
#476=ADVANCED_FACE('',(#1123),#1125,.F.);
#477=COLOUR_RGB('',0.564705882352941,0.564705882352941,0.564705882352941);
#478=FILL_AREA_STYLE_COLOUR('',#477);
#479=FILL_AREA_STYLE($,(#478));
#480=SURFACE_STYLE_FILL_AREA(#479);
#481=SURFACE_SIDE_STYLE('',(#480));
#482=SURFACE_STYLE_USAGE(.BOTH.,#481);
#483=PRESENTATION_STYLE_ASSIGNMENT((#482));
#484=STYLED_ITEM('',(#483),#476);
#485=ADVANCED_FACE('',(#1130),#1132,.F.);
#486=COLOUR_RGB('',0.564705882352941,0.564705882352941,0.564705882352941);
#487=FILL_AREA_STYLE_COLOUR('',#486);
#488=FILL_AREA_STYLE($,(#487));
#489=SURFACE_STYLE_FILL_AREA(#488);
#490=SURFACE_SIDE_STYLE('',(#489));
#491=SURFACE_STYLE_USAGE(.BOTH.,#490);
#492=PRESENTATION_STYLE_ASSIGNMENT((#491));
#493=STYLED_ITEM('',(#492),#485);
#494=ADVANCED_FACE('',(#1137),#1139,.F.);
#495=COLOUR_RGB('',0.564705882352941,0.564705882352941,0.564705882352941);
#496=FILL_AREA_STYLE_COLOUR('',#495);
#497=FILL_AREA_STYLE($,(#496));
#498=SURFACE_STYLE_FILL_AREA(#497);
#499=SURFACE_SIDE_STYLE('',(#498));
#500=SURFACE_STYLE_USAGE(.BOTH.,#499);
#501=PRESENTATION_STYLE_ASSIGNMENT((#500));
#502=STYLED_ITEM('',(#501),#494);
#503=ADVANCED_FACE('',(#1144),#1146,.F.);
#504=COLOUR_RGB('',0.564705882352941,0.564705882352941,0.564705882352941);
#505=FILL_AREA_STYLE_COLOUR('',#504);
#506=FILL_AREA_STYLE($,(#505));
#507=SURFACE_STYLE_FILL_AREA(#506);
#508=SURFACE_SIDE_STYLE('',(#507));
#509=SURFACE_STYLE_USAGE(.BOTH.,#508);
#510=PRESENTATION_STYLE_ASSIGNMENT((#509));
#511=STYLED_ITEM('',(#510),#503);
#512=ADVANCED_FACE('',(#1151),#1153,.F.);
#513=COLOUR_RGB('',0.564705882352941,0.564705882352941,0.564705882352941);
#514=FILL_AREA_STYLE_COLOUR('',#513);
#515=FILL_AREA_STYLE($,(#514));
#516=SURFACE_STYLE_FILL_AREA(#515);
#517=SURFACE_SIDE_STYLE('',(#516));
#518=SURFACE_STYLE_USAGE(.BOTH.,#517);
#519=PRESENTATION_STYLE_ASSIGNMENT((#518));
#520=STYLED_ITEM('',(#519),#512);
#521=ADVANCED_FACE('',(#1158),#1160,.F.);
#522=COLOUR_RGB('',0.564705882352941,0.564705882352941,0.564705882352941);
#523=FILL_AREA_STYLE_COLOUR('',#522);
#524=FILL_AREA_STYLE($,(#523));
#525=SURFACE_STYLE_FILL_AREA(#524);
#526=SURFACE_SIDE_STYLE('',(#525));
#527=SURFACE_STYLE_USAGE(.BOTH.,#526);
#528=PRESENTATION_STYLE_ASSIGNMENT((#527));
#529=STYLED_ITEM('',(#528),#521);
#530=ADVANCED_FACE('',(#1165),#1167,.F.);
#531=COLOUR_RGB('',0.564705882352941,0.564705882352941,0.564705882352941);
#532=FILL_AREA_STYLE_COLOUR('',#531);
#533=FILL_AREA_STYLE($,(#532));
#534=SURFACE_STYLE_FILL_AREA(#533);
#535=SURFACE_SIDE_STYLE('',(#534));
#536=SURFACE_STYLE_USAGE(.BOTH.,#535);
#537=PRESENTATION_STYLE_ASSIGNMENT((#536));
#538=STYLED_ITEM('',(#537),#530);
#539=ADVANCED_FACE('',(#1172),#1174,.T.);
#540=COLOUR_RGB('',0.564705882352941,0.564705882352941,0.564705882352941);
#541=FILL_AREA_STYLE_COLOUR('',#540);
#542=FILL_AREA_STYLE($,(#541));
#543=SURFACE_STYLE_FILL_AREA(#542);
#544=SURFACE_SIDE_STYLE('',(#543));
#545=SURFACE_STYLE_USAGE(.BOTH.,#544);
#546=PRESENTATION_STYLE_ASSIGNMENT((#545));
#547=STYLED_ITEM('',(#546),#539);
#548=ADVANCED_FACE('',(#1179),#1181,.T.);
#549=COLOUR_RGB('',0.564705882352941,0.564705882352941,0.564705882352941);
#550=FILL_AREA_STYLE_COLOUR('',#549);
#551=FILL_AREA_STYLE($,(#550));
#552=SURFACE_STYLE_FILL_AREA(#551);
#553=SURFACE_SIDE_STYLE('',(#552));
#554=SURFACE_STYLE_USAGE(.BOTH.,#553);
#555=PRESENTATION_STYLE_ASSIGNMENT((#554));
#556=STYLED_ITEM('',(#555),#548);
#557=ADVANCED_FACE('',(#1186),#1188,.T.);
#558=COLOUR_RGB('',0.564705882352941,0.564705882352941,0.564705882352941);
#559=FILL_AREA_STYLE_COLOUR('',#558);
#560=FILL_AREA_STYLE($,(#559));
#561=SURFACE_STYLE_FILL_AREA(#560);
#562=SURFACE_SIDE_STYLE('',(#561));
#563=SURFACE_STYLE_USAGE(.BOTH.,#562);
#564=PRESENTATION_STYLE_ASSIGNMENT((#563));
#565=STYLED_ITEM('',(#564),#557);
#566=ADVANCED_FACE('',(#1193),#1195,.T.);
#567=COLOUR_RGB('',0.564705882352941,0.564705882352941,0.564705882352941);
#568=FILL_AREA_STYLE_COLOUR('',#567);
#569=FILL_AREA_STYLE($,(#568));
#570=SURFACE_STYLE_FILL_AREA(#569);
#571=SURFACE_SIDE_STYLE('',(#570));
#572=SURFACE_STYLE_USAGE(.BOTH.,#571);
#573=PRESENTATION_STYLE_ASSIGNMENT((#572));
#574=STYLED_ITEM('',(#573),#566);
#575=ADVANCED_FACE('',(#1200),#1202,.T.);
#576=COLOUR_RGB('',0.564705882352941,0.564705882352941,0.564705882352941);
#577=FILL_AREA_STYLE_COLOUR('',#576);
#578=FILL_AREA_STYLE($,(#577));
#579=SURFACE_STYLE_FILL_AREA(#578);
#580=SURFACE_SIDE_STYLE('',(#579));
#581=SURFACE_STYLE_USAGE(.BOTH.,#580);
#582=PRESENTATION_STYLE_ASSIGNMENT((#581));
#583=STYLED_ITEM('',(#582),#575);
#584=ADVANCED_FACE('',(#1207),#1209,.T.);
#585=COLOUR_RGB('',0.564705882352941,0.564705882352941,0.564705882352941);
#586=FILL_AREA_STYLE_COLOUR('',#585);
#587=FILL_AREA_STYLE($,(#586));
#588=SURFACE_STYLE_FILL_AREA(#587);
#589=SURFACE_SIDE_STYLE('',(#588));
#590=SURFACE_STYLE_USAGE(.BOTH.,#589);
#591=PRESENTATION_STYLE_ASSIGNMENT((#590));
#592=STYLED_ITEM('',(#591),#584);
#593=ADVANCED_FACE('',(#1214),#1216,.T.);
#594=COLOUR_RGB('',0.564705882352941,0.564705882352941,0.564705882352941);
#595=FILL_AREA_STYLE_COLOUR('',#594);
#596=FILL_AREA_STYLE($,(#595));
#597=SURFACE_STYLE_FILL_AREA(#596);
#598=SURFACE_SIDE_STYLE('',(#597));
#599=SURFACE_STYLE_USAGE(.BOTH.,#598);
#600=PRESENTATION_STYLE_ASSIGNMENT((#599));
#601=STYLED_ITEM('',(#600),#593);
#602=ADVANCED_FACE('',(#1221),#1223,.T.);
#603=COLOUR_RGB('',0.564705882352941,0.564705882352941,0.564705882352941);
#604=FILL_AREA_STYLE_COLOUR('',#603);
#605=FILL_AREA_STYLE($,(#604));
#606=SURFACE_STYLE_FILL_AREA(#605);
#607=SURFACE_SIDE_STYLE('',(#606));
#608=SURFACE_STYLE_USAGE(.BOTH.,#607);
#609=PRESENTATION_STYLE_ASSIGNMENT((#608));
#610=STYLED_ITEM('',(#609),#602);
#611=ADVANCED_FACE('',(#1228),#1230,.T.);
#612=COLOUR_RGB('',0.564705882352941,0.564705882352941,0.564705882352941);
#613=FILL_AREA_STYLE_COLOUR('',#612);
#614=FILL_AREA_STYLE($,(#613));
#615=SURFACE_STYLE_FILL_AREA(#614);
#616=SURFACE_SIDE_STYLE('',(#615));
#617=SURFACE_STYLE_USAGE(.BOTH.,#616);
#618=PRESENTATION_STYLE_ASSIGNMENT((#617));
#619=STYLED_ITEM('',(#618),#611);
#620=ADVANCED_FACE('',(#1235),#1237,.T.);
#621=COLOUR_RGB('',0.564705882352941,0.564705882352941,0.564705882352941);
#622=FILL_AREA_STYLE_COLOUR('',#621);
#623=FILL_AREA_STYLE($,(#622));
#624=SURFACE_STYLE_FILL_AREA(#623);
#625=SURFACE_SIDE_STYLE('',(#624));
#626=SURFACE_STYLE_USAGE(.BOTH.,#625);
#627=PRESENTATION_STYLE_ASSIGNMENT((#626));
#628=STYLED_ITEM('',(#627),#620);
#629=ADVANCED_FACE('',(#1242),#1244,.T.);
#630=COLOUR_RGB('',0.564705882352941,0.564705882352941,0.564705882352941);
#631=FILL_AREA_STYLE_COLOUR('',#630);
#632=FILL_AREA_STYLE($,(#631));
#633=SURFACE_STYLE_FILL_AREA(#632);
#634=SURFACE_SIDE_STYLE('',(#633));
#635=SURFACE_STYLE_USAGE(.BOTH.,#634);
#636=PRESENTATION_STYLE_ASSIGNMENT((#635));
#637=STYLED_ITEM('',(#636),#629);
#638=ADVANCED_FACE('',(#1249),#1251,.T.);
#639=COLOUR_RGB('',0.564705882352941,0.564705882352941,0.564705882352941);
#640=FILL_AREA_STYLE_COLOUR('',#639);
#641=FILL_AREA_STYLE($,(#640));
#642=SURFACE_STYLE_FILL_AREA(#641);
#643=SURFACE_SIDE_STYLE('',(#642));
#644=SURFACE_STYLE_USAGE(.BOTH.,#643);
#645=PRESENTATION_STYLE_ASSIGNMENT((#644));
#646=STYLED_ITEM('',(#645),#638);
#647=ADVANCED_FACE('',(#1256),#1258,.F.);
#648=COLOUR_RGB('',0.564705882352941,0.564705882352941,0.564705882352941);
#649=FILL_AREA_STYLE_COLOUR('',#648);
#650=FILL_AREA_STYLE($,(#649));
#651=SURFACE_STYLE_FILL_AREA(#650);
#652=SURFACE_SIDE_STYLE('',(#651));
#653=SURFACE_STYLE_USAGE(.BOTH.,#652);
#654=PRESENTATION_STYLE_ASSIGNMENT((#653));
#655=STYLED_ITEM('',(#654),#647);
#656=ADVANCED_FACE('',(#1263),#1265,.F.);
#657=COLOUR_RGB('',0.564705882352941,0.564705882352941,0.564705882352941);
#658=FILL_AREA_STYLE_COLOUR('',#657);
#659=FILL_AREA_STYLE($,(#658));
#660=SURFACE_STYLE_FILL_AREA(#659);
#661=SURFACE_SIDE_STYLE('',(#660));
#662=SURFACE_STYLE_USAGE(.BOTH.,#661);
#663=PRESENTATION_STYLE_ASSIGNMENT((#662));
#664=STYLED_ITEM('',(#663),#656);
#665=ADVANCED_FACE('',(#1270),#1272,.F.);
#666=COLOUR_RGB('',0.564705882352941,0.564705882352941,0.564705882352941);
#667=FILL_AREA_STYLE_COLOUR('',#666);
#668=FILL_AREA_STYLE($,(#667));
#669=SURFACE_STYLE_FILL_AREA(#668);
#670=SURFACE_SIDE_STYLE('',(#669));
#671=SURFACE_STYLE_USAGE(.BOTH.,#670);
#672=PRESENTATION_STYLE_ASSIGNMENT((#671));
#673=STYLED_ITEM('',(#672),#665);
#674=ADVANCED_FACE('',(#1277),#1279,.F.);
#675=COLOUR_RGB('',0.564705882352941,0.564705882352941,0.564705882352941);
#676=FILL_AREA_STYLE_COLOUR('',#675);
#677=FILL_AREA_STYLE($,(#676));
#678=SURFACE_STYLE_FILL_AREA(#677);
#679=SURFACE_SIDE_STYLE('',(#678));
#680=SURFACE_STYLE_USAGE(.BOTH.,#679);
#681=PRESENTATION_STYLE_ASSIGNMENT((#680));
#682=STYLED_ITEM('',(#681),#674);
#683=ADVANCED_FACE('',(#1284),#1286,.F.);
#684=COLOUR_RGB('',0.564705882352941,0.564705882352941,0.564705882352941);
#685=FILL_AREA_STYLE_COLOUR('',#684);
#686=FILL_AREA_STYLE($,(#685));
#687=SURFACE_STYLE_FILL_AREA(#686);
#688=SURFACE_SIDE_STYLE('',(#687));
#689=SURFACE_STYLE_USAGE(.BOTH.,#688);
#690=PRESENTATION_STYLE_ASSIGNMENT((#689));
#691=STYLED_ITEM('',(#690),#683);
#692=ADVANCED_FACE('',(#1291),#1293,.F.);
#693=COLOUR_RGB('',0.564705882352941,0.564705882352941,0.564705882352941);
#694=FILL_AREA_STYLE_COLOUR('',#693);
#695=FILL_AREA_STYLE($,(#694));
#696=SURFACE_STYLE_FILL_AREA(#695);
#697=SURFACE_SIDE_STYLE('',(#696));
#698=SURFACE_STYLE_USAGE(.BOTH.,#697);
#699=PRESENTATION_STYLE_ASSIGNMENT((#698));
#700=STYLED_ITEM('',(#699),#692);
#701=ADVANCED_FACE('',(#1298),#1300,.F.);
#702=COLOUR_RGB('',0.564705882352941,0.564705882352941,0.564705882352941);
#703=FILL_AREA_STYLE_COLOUR('',#702);
#704=FILL_AREA_STYLE($,(#703));
#705=SURFACE_STYLE_FILL_AREA(#704);
#706=SURFACE_SIDE_STYLE('',(#705));
#707=SURFACE_STYLE_USAGE(.BOTH.,#706);
#708=PRESENTATION_STYLE_ASSIGNMENT((#707));
#709=STYLED_ITEM('',(#708),#701);
#710=ADVANCED_FACE('',(#1305),#1307,.F.);
#711=COLOUR_RGB('',0.564705882352941,0.564705882352941,0.564705882352941);
#712=FILL_AREA_STYLE_COLOUR('',#711);
#713=FILL_AREA_STYLE($,(#712));
#714=SURFACE_STYLE_FILL_AREA(#713);
#715=SURFACE_SIDE_STYLE('',(#714));
#716=SURFACE_STYLE_USAGE(.BOTH.,#715);
#717=PRESENTATION_STYLE_ASSIGNMENT((#716));
#718=STYLED_ITEM('',(#717),#710);
#719=ADVANCED_FACE('',(#1312),#1314,.T.);
#720=COLOUR_RGB('',0.564705882352941,0.564705882352941,0.564705882352941);
#721=FILL_AREA_STYLE_COLOUR('',#720);
#722=FILL_AREA_STYLE($,(#721));
#723=SURFACE_STYLE_FILL_AREA(#722);
#724=SURFACE_SIDE_STYLE('',(#723));
#725=SURFACE_STYLE_USAGE(.BOTH.,#724);
#726=PRESENTATION_STYLE_ASSIGNMENT((#725));
#727=STYLED_ITEM('',(#726),#719);
#728=ADVANCED_FACE('',(#1319),#1321,.T.);
#729=COLOUR_RGB('',0.564705882352941,0.564705882352941,0.564705882352941);
#730=FILL_AREA_STYLE_COLOUR('',#729);
#731=FILL_AREA_STYLE($,(#730));
#732=SURFACE_STYLE_FILL_AREA(#731);
#733=SURFACE_SIDE_STYLE('',(#732));
#734=SURFACE_STYLE_USAGE(.BOTH.,#733);
#735=PRESENTATION_STYLE_ASSIGNMENT((#734));
#736=STYLED_ITEM('',(#735),#728);
#737=ADVANCED_FACE('',(#1326),#1328,.T.);
#738=COLOUR_RGB('',0.564705882352941,0.564705882352941,0.564705882352941);
#739=FILL_AREA_STYLE_COLOUR('',#738);
#740=FILL_AREA_STYLE($,(#739));
#741=SURFACE_STYLE_FILL_AREA(#740);
#742=SURFACE_SIDE_STYLE('',(#741));
#743=SURFACE_STYLE_USAGE(.BOTH.,#742);
#744=PRESENTATION_STYLE_ASSIGNMENT((#743));
#745=STYLED_ITEM('',(#744),#737);
#746=ADVANCED_FACE('',(#1333),#1335,.F.);
#747=COLOUR_RGB('',0.564705882352941,0.564705882352941,0.564705882352941);
#748=FILL_AREA_STYLE_COLOUR('',#747);
#749=FILL_AREA_STYLE($,(#748));
#750=SURFACE_STYLE_FILL_AREA(#749);
#751=SURFACE_SIDE_STYLE('',(#750));
#752=SURFACE_STYLE_USAGE(.BOTH.,#751);
#753=PRESENTATION_STYLE_ASSIGNMENT((#752));
#754=STYLED_ITEM('',(#753),#746);
#755=ADVANCED_FACE('',(#1340),#1342,.F.);
#756=COLOUR_RGB('',0.564705882352941,0.564705882352941,0.564705882352941);
#757=FILL_AREA_STYLE_COLOUR('',#756);
#758=FILL_AREA_STYLE($,(#757));
#759=SURFACE_STYLE_FILL_AREA(#758);
#760=SURFACE_SIDE_STYLE('',(#759));
#761=SURFACE_STYLE_USAGE(.BOTH.,#760);
#762=PRESENTATION_STYLE_ASSIGNMENT((#761));
#763=STYLED_ITEM('',(#762),#755);
#764=ADVANCED_FACE('',(#1347),#1349,.F.);
#765=COLOUR_RGB('',0.564705882352941,0.564705882352941,0.564705882352941);
#766=FILL_AREA_STYLE_COLOUR('',#765);
#767=FILL_AREA_STYLE($,(#766));
#768=SURFACE_STYLE_FILL_AREA(#767);
#769=SURFACE_SIDE_STYLE('',(#768));
#770=SURFACE_STYLE_USAGE(.BOTH.,#769);
#771=PRESENTATION_STYLE_ASSIGNMENT((#770));
#772=STYLED_ITEM('',(#771),#764);
#773=ADVANCED_FACE('',(#1354),#1356,.F.);
#774=COLOUR_RGB('',0.564705882352941,0.564705882352941,0.564705882352941);
#775=FILL_AREA_STYLE_COLOUR('',#774);
#776=FILL_AREA_STYLE($,(#775));
#777=SURFACE_STYLE_FILL_AREA(#776);
#778=SURFACE_SIDE_STYLE('',(#777));
#779=SURFACE_STYLE_USAGE(.BOTH.,#778);
#780=PRESENTATION_STYLE_ASSIGNMENT((#779));
#781=STYLED_ITEM('',(#780),#773);
#782=FACE_BOUND('',#783,.T.);
#783=EDGE_LOOP('',(#1361,#1362,#1363,#1364));
#784=FACE_BOUND('',#785,.T.);
#785=EDGE_LOOP('',(#1365,#1366,#1367,#1368));
#786=FACE_BOUND('',#787,.T.);
#787=EDGE_LOOP('',(#1369,#1370,#1371,#1372));
#788=FACE_BOUND('',#789,.T.);
#789=EDGE_LOOP('',(#1373,#1374,#1375,#1376));
#790=FACE_BOUND('',#791,.T.);
#791=EDGE_LOOP('',(#1377,#1378,#1379,#1380));
#792=FACE_BOUND('',#793,.T.);
#793=EDGE_LOOP('',(#1381,#1382,#1383,#1384));
#794=PLANE('',#795);
#795=AXIS2_PLACEMENT_3D('',#796,#797,#798);
#796=CARTESIAN_POINT('',(140.,12.0080240618274,1.99999999999997));
#797=DIRECTION('',(-1.81336427355442E-16,6.53072367426563E-17,-1.));
#798=DIRECTION('',(0.,1.,6.53072367426563E-17));
#799=FACE_BOUND('',#800,.T.);
#800=EDGE_LOOP('',(#1385,#1386,#1387,#1388));
#801=PLANE('',#802);
#802=AXIS2_PLACEMENT_3D('',#803,#804,#805);
#803=CARTESIAN_POINT('',(177.,25.5080240618274,1.99999999999997));
#804=DIRECTION('',(0.,1.,0.));
#805=DIRECTION('',(1.,0.,-1.11022302462517E-16));
#806=FACE_BOUND('',#807,.T.);
#807=EDGE_LOOP('',(#1389,#1390,#1391,#1392));
#808=PLANE('',#809);
#809=AXIS2_PLACEMENT_3D('',#810,#811,#812);
#810=CARTESIAN_POINT('',(177.,15.5080240618274,1.99999999999997));
#811=DIRECTION('',(-1.,0.,0.));
#812=DIRECTION('',(0.,1.,6.66133814775094E-17));
#813=FACE_BOUND('',#814,.T.);
#814=EDGE_LOOP('',(#1393,#1394,#1395,#1396));
#815=PLANE('',#816);
#816=AXIS2_PLACEMENT_3D('',#817,#818,#819);
#817=CARTESIAN_POINT('',(179.,15.5080240618274,1.99999999999997));
#818=DIRECTION('',(0.,-1.,0.));
#819=DIRECTION('',(-1.,0.,1.11022302462517E-16));
#820=FACE_BOUND('',#821,.T.);
#821=EDGE_LOOP('',(#1397,#1398,#1399,#1400));
#822=PLANE('',#823);
#823=AXIS2_PLACEMENT_3D('',#824,#825,#826);
#824=CARTESIAN_POINT('',(179.,25.5080240618274,1.99999999999997));
#825=DIRECTION('',(1.,0.,0.));
#826=DIRECTION('',(0.,-1.,-6.66133814775094E-17));
#827=FACE_BOUND('',#828,.T.);
#828=EDGE_LOOP('',(#1401,#1402,#1403,#1404));
#829=PLANE('',#830);
#830=AXIS2_PLACEMENT_3D('',#831,#832,#833);
#831=CARTESIAN_POINT('',(173.,15.5080240618274,1.99999999999997));
#832=DIRECTION('',(0.,-1.,0.));
#833=DIRECTION('',(-1.,0.,1.11022302462516E-16));
#834=FACE_BOUND('',#835,.T.);
#835=EDGE_LOOP('',(#1405,#1406,#1407,#1408));
#836=PLANE('',#837);
#837=AXIS2_PLACEMENT_3D('',#838,#839,#840);
#838=CARTESIAN_POINT('',(173.,25.5080240618274,1.99999999999997));
#839=DIRECTION('',(1.,0.,0.));
#840=DIRECTION('',(0.,-1.,-6.66133814775094E-17));
#841=FACE_BOUND('',#842,.T.);
#842=EDGE_LOOP('',(#1409,#1410,#1411,#1412));
#843=PLANE('',#844);
#844=AXIS2_PLACEMENT_3D('',#845,#846,#847);
#845=CARTESIAN_POINT('',(171.,25.5080240618274,1.99999999999997));
#846=DIRECTION('',(0.,1.,0.));
#847=DIRECTION('',(1.,0.,-1.11022302462516E-16));
#848=FACE_BOUND('',#849,.T.);
#849=EDGE_LOOP('',(#1413,#1414,#1415,#1416));
#850=PLANE('',#851);
#851=AXIS2_PLACEMENT_3D('',#852,#853,#854);
#852=CARTESIAN_POINT('',(171.,15.5080240618274,1.99999999999997));
#853=DIRECTION('',(-1.,0.,0.));
#854=DIRECTION('',(0.,1.,6.66133814775094E-17));
#855=FACE_BOUND('',#856,.T.);
#856=EDGE_LOOP('',(#1417,#1418,#1419,#1420));
#857=PLANE('',#858);
#858=AXIS2_PLACEMENT_3D('',#859,#860,#861);
#859=CARTESIAN_POINT('',(183.,25.5080240618274,1.99999999999997));
#860=DIRECTION('',(0.,1.,0.));
#861=DIRECTION('',(1.,0.,-2.22044604925031E-16));
#862=FACE_BOUND('',#863,.T.);
#863=EDGE_LOOP('',(#1421,#1422,#1423,#1424));
#864=PLANE('',#865);
#865=AXIS2_PLACEMENT_3D('',#866,#867,#868);
#866=CARTESIAN_POINT('',(183.,15.5080240618274,1.99999999999997));
#867=DIRECTION('',(-1.,0.,0.));
#868=DIRECTION('',(0.,1.,6.66133814775094E-17));
#869=FACE_BOUND('',#870,.T.);
#870=EDGE_LOOP('',(#1425,#1426,#1427,#1428));
#871=PLANE('',#872);
#872=AXIS2_PLACEMENT_3D('',#873,#874,#875);
#873=CARTESIAN_POINT('',(185.,15.5080240618278,1.99999999999997));
#874=DIRECTION('',(1.91846538655227E-13,-1.,0.));
#875=DIRECTION('',(-1.,-1.91846538655227E-13,2.22044604925031E-16));
#876=FACE_BOUND('',#877,.T.);
#877=EDGE_LOOP('',(#1429,#1430,#1431,#1432));
#878=PLANE('',#879);
#879=AXIS2_PLACEMENT_3D('',#880,#881,#882);
#880=CARTESIAN_POINT('',(185.,25.5080240618274,1.99999999999997));
#881=DIRECTION('',(1.,0.,0.));
#882=DIRECTION('',(0.,-1.,-6.6613381477512E-17));
#883=FACE_BOUND('',#884,.T.);
#884=EDGE_LOOP('',(#1433,#1434,#1435,#1436));
#885=PLANE('',#886);
#886=AXIS2_PLACEMENT_3D('',#887,#888,#889);
#887=CARTESIAN_POINT('',(165.,25.5080240618274,1.99999999999997));
#888=DIRECTION('',(0.,1.,0.));
#889=DIRECTION('',(1.,0.,-1.11022302462516E-16));
#890=FACE_BOUND('',#891,.T.);
#891=EDGE_LOOP('',(#1437,#1438,#1439,#1440));
#892=PLANE('',#893);
#893=AXIS2_PLACEMENT_3D('',#894,#895,#896);
#894=CARTESIAN_POINT('',(165.,15.5080240618274,1.99999999999997));
#895=DIRECTION('',(-1.,0.,0.));
#896=DIRECTION('',(0.,1.,6.66133814775094E-17));
#897=FACE_BOUND('',#898,.T.);
#898=EDGE_LOOP('',(#1441,#1442,#1443,#1444));
#899=PLANE('',#900);
#900=AXIS2_PLACEMENT_3D('',#901,#902,#903);
#901=CARTESIAN_POINT('',(167.,15.5080240618274,1.99999999999997));
#902=DIRECTION('',(-6.57384087684176E-32,-1.,-5.9211894646675E-16));
#903=DIRECTION('',(-1.,0.,1.11022302462516E-16));
#904=FACE_BOUND('',#905,.T.);
#905=EDGE_LOOP('',(#1445,#1446,#1447,#1448));
#906=PLANE('',#907);
#907=AXIS2_PLACEMENT_3D('',#908,#909,#910);
#908=CARTESIAN_POINT('',(167.,25.5080240618274,1.99999999999997));
#909=DIRECTION('',(1.,0.,0.));
#910=DIRECTION('',(0.,-1.,-6.66133814775094E-17));
#911=FACE_BOUND('',#912,.T.);
#912=EDGE_LOOP('',(#1449,#1450,#1451,#1452));
#913=PLANE('',#914);
#914=AXIS2_PLACEMENT_3D('',#915,#916,#917);
#915=CARTESIAN_POINT('',(161.,25.5080240618274,1.99999999999997));
#916=DIRECTION('',(1.,0.,0.));
#917=DIRECTION('',(0.,-1.,-6.66133814775094E-17));
#918=FACE_BOUND('',#919,.T.);
#919=EDGE_LOOP('',(#1453,#1454,#1455,#1456));
#920=PLANE('',#921);
#921=AXIS2_PLACEMENT_3D('',#922,#923,#924);
#922=CARTESIAN_POINT('',(159.,25.5080240618274,1.99999999999997));
#923=DIRECTION('',(-1.77635683940025E-15,1.,1.1842378929335E-15));
#924=DIRECTION('',(1.,1.77635683940025E-15,-1.11022302462516E-16));
#925=FACE_BOUND('',#926,.T.);
#926=EDGE_LOOP('',(#1457,#1458,#1459,#1460));
#927=PLANE('',#928);
#928=AXIS2_PLACEMENT_3D('',#929,#930,#931);
#929=CARTESIAN_POINT('',(159.,15.5080240618274,1.99999999999997));
#930=DIRECTION('',(-1.,0.,0.));
#931=DIRECTION('',(0.,1.,6.66133814775094E-17));
#932=FACE_BOUND('',#933,.T.);
#933=EDGE_LOOP('',(#1461,#1462,#1463,#1464));
#934=PLANE('',#935);
#935=AXIS2_PLACEMENT_3D('',#936,#937,#938);
#936=CARTESIAN_POINT('',(161.,15.5080240618274,1.99999999999997));
#937=DIRECTION('',(0.,-1.,0.));
#938=DIRECTION('',(-1.,0.,1.11022302462516E-16));
#939=FACE_BOUND('',#940,.T.);
#940=EDGE_LOOP('',(#1465,#1466,#1467,#1468,#1469,#1470));
#941=FACE_BOUND('',#942,.T.);
#942=EDGE_LOOP('',(#1471,#1472,#1473,#1474,#1475,#1476));
#943=PLANE('',#944);
#944=AXIS2_PLACEMENT_3D('',#945,#946,#947);
#945=CARTESIAN_POINT('',(140.,0.,-2.57175827820944E-14));
#946=DIRECTION('',(1.,0.,-1.83697019872103E-16));
#947=DIRECTION('',(1.12481983699639E-32,1.,6.12323399573677E-17));
#948=FACE_BOUND('',#949,.T.);
#949=EDGE_LOOP('',(#1477,#1478,#1479,#1480,#1481,#1482));
#950=PLANE('',#951);
#951=AXIS2_PLACEMENT_3D('',#952,#953,#954);
#952=CARTESIAN_POINT('',(140.,29.0080240618274,1.99999999999997));
#953=DIRECTION('',(0.,1.,0.));
#954=DIRECTION('',(0.,0.,1.));
#955=FACE_BOUND('',#956,.T.);
#956=EDGE_LOOP('',(#1483,#1484,#1485,#1486));
#957=PLANE('',#958);
#958=AXIS2_PLACEMENT_3D('',#959,#960,#961);
#959=CARTESIAN_POINT('',(200.,0.,-3.67394039744206E-14));
#960=DIRECTION('',(1.,0.,-1.83697019872103E-16));
#961=DIRECTION('',(1.12481983699639E-32,1.,6.12323399573677E-17));
#962=FACE_BOUND('',#963,.T.);
#963=EDGE_LOOP('',(#1487,#1488,#1489,#1490,#1491,#1492));
#964=PLANE('',#965);
#965=AXIS2_PLACEMENT_3D('',#966,#967,#968);
#966=CARTESIAN_POINT('',(140.,12.0080240618274,3.99999999999997));
#967=DIRECTION('',(0.,-1.,0.));
#968=DIRECTION('',(0.,0.,-1.));
#969=FACE_BOUND('',#970,.T.);
#970=EDGE_LOOP('',(#1493,#1494,#1495,#1496,#1497,#1498,#1499,#1500));
#971=PLANE('',#972);
#972=AXIS2_PLACEMENT_3D('',#973,#974,#975);
#973=CARTESIAN_POINT('',(1.65327317884892E-15,39.3080240618274,8.99999999999999));
#974=DIRECTION('',(1.77635683940025E-16,-4.72435329627726E-17,1.));
#975=DIRECTION('',(-1.04901716119815E-32,-1.,-4.72435329627726E-17));
#976=FACE_BOUND('',#977,.T.);
#977=EDGE_LOOP('',(#1501,#1502,#1503,#1504));
#978=PLANE('',#979);
#979=AXIS2_PLACEMENT_3D('',#980,#981,#982);
#980=CARTESIAN_POINT('',(140.,10.5080240618274,19.085333482079));
#981=DIRECTION('',(-1.51948308865048E-32,-1.,-7.1282744498355E-17));
#982=DIRECTION('',(0.,7.1282744498355E-17,-1.));
#983=FACE_BOUND('',#984,.T.);
#984=EDGE_LOOP('',(#1505,#1506,#1507,#1508,#1509,#1510,#1511,#1512));
#985=PLANE('',#986);
#986=AXIS2_PLACEMENT_3D('',#987,#988,#989);
#987=CARTESIAN_POINT('',(0.,0.,0.));
#988=DIRECTION('',(-1.83697019872103E-16,-1.11988821875646E-16,-1.));
#989=DIRECTION('',(-2.05720128375439E-32,1.,-1.11988821875646E-16));
#990=FACE_BOUND('',#991,.T.);
#991=EDGE_LOOP('',(#1513,#1514,#1515,#1516));
#992=PLANE('',#993);
#993=AXIS2_PLACEMENT_3D('',#994,#995,#996);
#994=CARTESIAN_POINT('',(140.,30.5080240618274,-5.83453810677716));
#995=DIRECTION('',(0.,1.,0.));
#996=DIRECTION('',(0.,0.,1.));
#997=FACE_BOUND('',#998,.T.);
#998=EDGE_LOOP('',(#1517,#1518,#1519,#1520));
#999=PLANE('',#1000);
#1000=AXIS2_PLACEMENT_3D('',#1001,#1002,#1003);
#1001=CARTESIAN_POINT('',(140.,29.0080240618274,3.99999999999997));
#1002=DIRECTION('',(1.85037170770859E-16,-5.2245789394125E-17,1.));
#1003=DIRECTION('',(0.,-1.,-5.2245789394125E-17));
#1004=FACE_BOUND('',#1005,.T.);
#1005=EDGE_LOOP('',(#1521,#1522,#1523,#1524,#1525,#1526,#1527,#1528));
#1006=PLANE('',#1007);
#1007=AXIS2_PLACEMENT_3D('',#1008,#1009,#1010);
#1008=CARTESIAN_POINT('',(190.,0.,-3.49024337756996E-14));
#1009=DIRECTION('',(1.,0.,-1.83697019872103E-16));
#1010=DIRECTION('',(1.12481983699639E-32,1.,6.12323399573677E-17));
#1011=FACE_BOUND('',#1012,.T.);
#1012=EDGE_LOOP('',(#1529,#1530,#1531,#1532,#1533));
#1013=PLANE('',#1014);
#1014=AXIS2_PLACEMENT_3D('',#1015,#1016,#1017);
#1015=CARTESIAN_POINT('',(3.67394039744205E-16,39.3080240618274,2.));
#1016=DIRECTION('',(0.,1.,0.));
#1017=DIRECTION('',(1.83697019872103E-16,0.,1.));
#1018=FACE_BOUND('',#1019,.T.);
#1019=EDGE_LOOP('',(#1534,#1535,#1536,#1537));
#1020=PLANE('',#1021);
#1021=AXIS2_PLACEMENT_3D('',#1022,#1023,#1024);
#1022=CARTESIAN_POINT('',(0.,0.,0.));
#1023=DIRECTION('',(1.,0.,-1.83697019872103E-16));
#1024=DIRECTION('',(1.12481983699639E-32,1.,6.12323399573677E-17));
#1025=FACE_BOUND('',#1026,.T.);
#1026=EDGE_LOOP('',(#1538,#1539,#1540,#1541,#1542));
#1027=PLANE('',#1028);
#1028=AXIS2_PLACEMENT_3D('',#1029,#1030,#1031);
#1029=CARTESIAN_POINT('',(1.65327317884892E-15,1.70802406182743,8.99999999999999));
#1030=DIRECTION('',(5.93128500166175E-33,-1.,3.17206578464331E-17));
#1031=DIRECTION('',(-1.83697019872103E-16,-3.17206578464331E-17,-1.));
#1032=FACE_BOUND('',#1033,.T.);
#1033=EDGE_LOOP('',(#1543,#1544,#1545,#1546,#1547,#1548,#1549,#1550));
#1034=PLANE('',#1035);
#1035=AXIS2_PLACEMENT_3D('',#1036,#1037,#1038);
#1036=CARTESIAN_POINT('',(190.,0.,-3.49024337756996E-14));
#1037=DIRECTION('',(1.,0.,-1.83697019872103E-16));
#1038=DIRECTION('',(1.12481983699639E-32,1.,6.12323399573677E-17));
#1039=FACE_BOUND('',#1040,.T.);
#1040=EDGE_LOOP('',(#1551,#1552,#1553,#1554,#1555));
#1041=PLANE('',#1042);
#1042=AXIS2_PLACEMENT_3D('',#1043,#1044,#1045);
#1043=CARTESIAN_POINT('',(3.67394039744205E-16,0.00802406182743441,1.99999999999999));
#1044=DIRECTION('',(7.36117347248112E-19,-0.999991951901133,0.00401199862449577));
#1045=DIRECTION('',(-1.83695541460325E-16,-0.00401199862449577,-0.999991951901133));
#1046=FACE_BOUND('',#1047,.T.);
#1047=EDGE_LOOP('',(#1556,#1557,#1558,#1559,#1560));
#1048=PLANE('',#1049);
#1049=AXIS2_PLACEMENT_3D('',#1050,#1051,#1052);
#1050=CARTESIAN_POINT('',(-8.43851532168542E-31,41.0193955658299,-4.59371378346837E-15));
#1051=DIRECTION('',(1.04443881630177E-18,0.999983836503987,0.00568566009959742));
#1052=DIRECTION('',(1.83694050686055E-16,-0.00568566009959742,0.999983836503987));
#1053=FACE_BOUND('',#1054,.T.);
#1054=EDGE_LOOP('',(#1561,#1562,#1563,#1564));
#1055=PLANE('',#1056);
#1056=AXIS2_PLACEMENT_3D('',#1057,#1058,#1059);
#1057=CARTESIAN_POINT('',(2.75169978899272E-16,39.3080240618274,1.49795559607257));
#1058=DIRECTION('',(-1.83478963017E-16,0.,-1.));
#1059=DIRECTION('',(0.,1.,0.));
#1060=FACE_BOUND('',#1061,.T.);
#1061=EDGE_LOOP('',(#1565,#1566,#1567,#1568));
#1062=PLANE('',#1063);
#1063=AXIS2_PLACEMENT_3D('',#1064,#1065,#1066);
#1064=CARTESIAN_POINT('',(2.75169978899272E-16,-0.00656335952452789,1.49795559607257));
#1065=DIRECTION('',(-1.83478963017E-16,0.,-1.));
#1066=DIRECTION('',(0.,1.,0.));
#1067=FACE_BOUND('',#1068,.T.);
#1068=EDGE_LOOP('',(#1569,#1570,#1571,#1572));
#1069=CYLINDRICAL_SURFACE('',#1070,1.);
#1070=AXIS2_PLACEMENT_3D('',#1071,#1072,#1073);
#1071=CARTESIAN_POINT('',(136.,28.0080240618274,2.99999999999998));
#1072=DIRECTION('',(-1.,0.,1.76329539205172E-16));
#1073=DIRECTION('',(0.,1.,0.));
#1074=FACE_BOUND('',#1075,.T.);
#1075=EDGE_LOOP('',(#1573,#1574,#1575,#1576));
#1076=CYLINDRICAL_SURFACE('',#1077,1.);
#1077=AXIS2_PLACEMENT_3D('',#1078,#1079,#1080);
#1078=CARTESIAN_POINT('',(199.,8.00802406182745,2.99999999999996));
#1079=DIRECTION('',(0.,1.,7.105427357601E-17));
#1080=DIRECTION('',(1.,3.15544362088405E-32,-4.44089209850063E-16));
#1081=FACE_BOUND('',#1082,.T.);
#1082=EDGE_LOOP('',(#1577,#1578,#1579,#1580));
#1083=CYLINDRICAL_SURFACE('',#1084,1.);
#1084=AXIS2_PLACEMENT_3D('',#1085,#1086,#1087);
#1085=CARTESIAN_POINT('',(136.,13.0080240618274,2.99999999999997));
#1086=DIRECTION('',(-1.,0.,1.82860262879438E-16));
#1087=DIRECTION('',(-1.82860262879438E-16,0.,-1.));
#1088=FACE_BOUND('',#1089,.T.);
#1089=EDGE_LOOP('',(#1581,#1582,#1583,#1584));
#1090=TOROIDAL_SURFACE('',#1091,2.,1.);
#1091=AXIS2_PLACEMENT_3D('',#1092,#1093,#1094);
#1092=CARTESIAN_POINT('',(141.,13.0080240618274,2.99999999999997));
#1093=DIRECTION('',(-1.,0.,1.83697019872103E-16));
#1094=DIRECTION('',(-2.78478188330332E-31,1.,-1.51596464942229E-15));
#1095=FACE_BOUND('',#1096,.T.);
#1096=EDGE_LOOP('',(#1585,#1586,#1587,#1588));
#1097=CYLINDRICAL_SURFACE('',#1098,1.);
#1098=AXIS2_PLACEMENT_3D('',#1099,#1100,#1101);
#1099=CARTESIAN_POINT('',(141.,9.00802406182744,0.999999999999973));
#1100=DIRECTION('',(0.,-1.,-7.72329060608805E-17));
#1101=DIRECTION('',(0.,-7.72329060608805E-17,1.));
#1102=FACE_BOUND('',#1103,.T.);
#1103=EDGE_LOOP('',(#1589,#1590,#1591,#1592));
#1104=TOROIDAL_SURFACE('',#1105,2.,1.);
#1105=AXIS2_PLACEMENT_3D('',#1106,#1107,#1108);
#1106=CARTESIAN_POINT('',(141.,28.0080240618274,2.99999999999997));
#1107=DIRECTION('',(-1.,0.,1.83697019872103E-16));
#1108=DIRECTION('',(-3.37445951098918E-32,-1.,-1.83697019872103E-16));
#1109=FACE_BOUND('',#1110,.T.);
#1110=EDGE_LOOP('',(#1593,#1594,#1595,#1596));
#1111=CYLINDRICAL_SURFACE('',#1112,1.);
#1112=AXIS2_PLACEMENT_3D('',#1113,#1114,#1115);
#1113=CARTESIAN_POINT('',(169.,14.5080240618274,0.999999999999969));
#1114=DIRECTION('',(1.,0.,-1.42742960308949E-16));
#1115=DIRECTION('',(3.16953042276299E-32,1.,2.22044604925031E-16));
#1116=FACE_BOUND('',#1117,.T.);
#1117=EDGE_LOOP('',(#1597,#1598,#1599,#1600));
#1118=CYLINDRICAL_SURFACE('',#1119,1.);
#1119=AXIS2_PLACEMENT_3D('',#1120,#1121,#1122);
#1120=CARTESIAN_POINT('',(158.,11.5080240618274,0.99999999999997));
#1121=DIRECTION('',(0.,-1.,-7.40148683083437E-17));
#1122=DIRECTION('',(1.,1.64346021921044E-32,-2.22044604925031E-16));
#1123=FACE_BOUND('',#1124,.T.);
#1124=EDGE_LOOP('',(#1601,#1602,#1603,#1604));
#1125=CYLINDRICAL_SURFACE('',#1126,1.);
#1126=AXIS2_PLACEMENT_3D('',#1127,#1128,#1129);
#1127=CARTESIAN_POINT('',(155.,26.5080240618274,0.999999999999972));
#1128=DIRECTION('',(-1.,-2.28388736494318E-15,1.42742960308949E-16));
#1129=DIRECTION('',(2.28388736494318E-15,-1.,-1.55431223447522E-15));
#1130=FACE_BOUND('',#1131,.T.);
#1131=EDGE_LOOP('',(#1605,#1606,#1607,#1608));
#1132=CYLINDRICAL_SURFACE('',#1133,1.);
#1133=AXIS2_PLACEMENT_3D('',#1134,#1135,#1136);
#1134=CARTESIAN_POINT('',(182.,11.5080240618274,0.999999999999966));
#1135=DIRECTION('',(0.,-1.,-4.93432455388958E-17));
#1136=DIRECTION('',(1.,5.47820073070147E-33,-1.11022302462516E-16));
#1137=FACE_BOUND('',#1138,.T.);
#1138=EDGE_LOOP('',(#1609,#1610,#1611,#1612));
#1139=CYLINDRICAL_SURFACE('',#1140,1.);
#1140=AXIS2_PLACEMENT_3D('',#1141,#1142,#1143);
#1141=CARTESIAN_POINT('',(179.,26.5080240618274,0.999999999999968));
#1142=DIRECTION('',(-1.,0.,2.22044604925031E-16));
#1143=DIRECTION('',(0.,-1.,0.));
#1144=FACE_BOUND('',#1145,.T.);
#1145=EDGE_LOOP('',(#1613,#1614,#1615,#1616));
#1146=CYLINDRICAL_SURFACE('',#1147,1.);
#1147=AXIS2_PLACEMENT_3D('',#1148,#1149,#1150);
#1148=CARTESIAN_POINT('',(186.,29.5080240618274,0.999999999999966));
#1149=DIRECTION('',(0.,1.,4.93432455388969E-17));
#1150=DIRECTION('',(-1.,0.,2.22044604925031E-16));
#1151=FACE_BOUND('',#1152,.T.);
#1152=EDGE_LOOP('',(#1617,#1618,#1619,#1620));
#1153=CYLINDRICAL_SURFACE('',#1154,1.);
#1154=AXIS2_PLACEMENT_3D('',#1155,#1156,#1157);
#1155=CARTESIAN_POINT('',(174.,29.5080240618274,0.999999999999968));
#1156=DIRECTION('',(0.,1.,4.93432455388958E-17));
#1157=DIRECTION('',(-1.,0.,0.));
#1158=FACE_BOUND('',#1159,.T.);
#1159=EDGE_LOOP('',(#1621,#1622,#1623,#1624));
#1160=CYLINDRICAL_SURFACE('',#1161,1.);
#1161=AXIS2_PLACEMENT_3D('',#1162,#1163,#1164);
#1162=CARTESIAN_POINT('',(180.,29.5080240618274,0.999999999999968));
#1163=DIRECTION('',(0.,1.,7.40148683083438E-17));
#1164=DIRECTION('',(-1.,0.,-2.62953635073671E-31));
#1165=FACE_BOUND('',#1166,.T.);
#1166=EDGE_LOOP('',(#1625,#1626,#1627,#1628));
#1167=CYLINDRICAL_SURFACE('',#1168,1.);
#1168=AXIS2_PLACEMENT_3D('',#1169,#1170,#1171);
#1169=CARTESIAN_POINT('',(176.,11.5080240618274,0.999999999999967));
#1170=DIRECTION('',(0.,-1.,-7.40148683083438E-17));
#1171=DIRECTION('',(1.,-1.64346021921044E-32,2.22044604925031E-16));
#1172=FACE_BOUND('',#1173,.T.);
#1173=EDGE_LOOP('',(#1629,#1630,#1631,#1632));
#1174=CYLINDRICAL_SURFACE('',#1175,1.);
#1175=AXIS2_PLACEMENT_3D('',#1176,#1177,#1178);
#1176=CARTESIAN_POINT('',(178.,29.5080240618274,-3.2085445411667E-14));
#1177=DIRECTION('',(0.,-1.,-6.16790569236198E-17));
#1178=DIRECTION('',(0.,6.16790569236198E-17,-1.));
#1179=FACE_BOUND('',#1180,.T.);
#1180=EDGE_LOOP('',(#1633,#1634,#1635,#1636));
#1181=CYLINDRICAL_SURFACE('',#1182,1.);
#1182=AXIS2_PLACEMENT_3D('',#1183,#1184,#1185);
#1183=CARTESIAN_POINT('',(184.,29.5080240618274,-3.31956684362922E-14));
#1184=DIRECTION('',(0.,-1.,-7.40148683083454E-17));
#1185=DIRECTION('',(0.,7.40148683083454E-17,-1.));
#1186=FACE_BOUND('',#1187,.T.);
#1187=EDGE_LOOP('',(#1637,#1638,#1639,#1640,#1641,#1642));
#1188=CYLINDRICAL_SURFACE('',#1189,1.);
#1189=AXIS2_PLACEMENT_3D('',#1190,#1191,#1192);
#1190=CARTESIAN_POINT('',(1.,-4.,1.));
#1191=DIRECTION('',(0.,-1.,1.10978374128616E-16));
#1192=DIRECTION('',(-1.,2.46421492386107E-32,2.22044604925031E-16));
#1193=FACE_BOUND('',#1194,.T.);
#1194=EDGE_LOOP('',(#1643,#1644,#1645,#1646));
#1195=CYLINDRICAL_SURFACE('',#1196,1.);
#1196=AXIS2_PLACEMENT_3D('',#1197,#1198,#1199);
#1197=CARTESIAN_POINT('',(0.864841844781587,35.3080240618274,0.497955596072586));
#1198=DIRECTION('',(2.28844619823599E-17,-1.,2.28844619823599E-17));
#1199=DIRECTION('',(2.08721928629532E-14,2.28844619823603E-17,1.));
#1200=FACE_BOUND('',#1201,.T.);
#1201=EDGE_LOOP('',(#1647,#1648,#1649,#1650));
#1202=CYLINDRICAL_SURFACE('',#1203,1.);
#1203=AXIS2_PLACEMENT_3D('',#1204,#1205,#1206);
#1204=CARTESIAN_POINT('',(0.864841844781585,-3.99399015584118,0.497955596072586));
#1205=DIRECTION('',(1.14432219920199E-17,-1.,4.57728879680798E-17));
#1206=DIRECTION('',(2.08721928629532E-14,4.577288796808E-17,1.));
#1207=FACE_BOUND('',#1208,.T.);
#1208=EDGE_LOOP('',(#1651,#1652,#1653,#1654));
#1209=CYLINDRICAL_SURFACE('',#1210,1.);
#1210=AXIS2_PLACEMENT_3D('',#1211,#1212,#1213);
#1211=CARTESIAN_POINT('',(-4.,2.70802406182743,7.99999999999999));
#1212=DIRECTION('',(-1.,0.,1.70458484588913E-16));
#1213=DIRECTION('',(1.97215226305253E-31,-1.,8.88178419700127E-16));
#1214=FACE_BOUND('',#1215,.T.);
#1215=EDGE_LOOP('',(#1655,#1656,#1657,#1658));
#1216=CYLINDRICAL_SURFACE('',#1217,1.);
#1217=AXIS2_PLACEMENT_3D('',#1218,#1219,#1220);
#1218=CARTESIAN_POINT('',(1.,43.3080240618274,7.99999999999999));
#1219=DIRECTION('',(0.,1.,3.89551938464967E-17));
#1220=DIRECTION('',(-1.,-3.45991625096935E-32,8.88178419700125E-16));
#1221=FACE_BOUND('',#1222,.T.);
#1222=EDGE_LOOP('',(#1659,#1660,#1661,#1662));
#1223=CYLINDRICAL_SURFACE('',#1224,1.);
#1224=AXIS2_PLACEMENT_3D('',#1225,#1226,#1227);
#1225=CARTESIAN_POINT('',(-4.,38.3080240618274,7.99999999999999));
#1226=DIRECTION('',(-1.,0.,1.70458484588913E-16));
#1227=DIRECTION('',(1.70458484588913E-16,0.,1.));
#1228=FACE_BOUND('',#1229,.T.);
#1229=EDGE_LOOP('',(#1663,#1664,#1665,#1666));
#1230=CYLINDRICAL_SURFACE('',#1231,1.);
#1231=AXIS2_PLACEMENT_3D('',#1232,#1233,#1234);
#1232=CARTESIAN_POINT('',(194.,9.50802406182744,0.999999999999964));
#1233=DIRECTION('',(-1.,0.,2.07719146542771E-16));
#1234=DIRECTION('',(0.,1.,6.66133814775088E-16));
#1235=FACE_BOUND('',#1236,.T.);
#1236=EDGE_LOOP('',(#1667,#1668,#1669,#1670));
#1237=CYLINDRICAL_SURFACE('',#1238,1.);
#1238=AXIS2_PLACEMENT_3D('',#1239,#1240,#1241);
#1239=CARTESIAN_POINT('',(132.,31.5080240618274,0.999999999999972));
#1240=DIRECTION('',(1.,5.73018335290403E-17,-1.70114818289338E-16));
#1241=DIRECTION('',(5.73018335290402E-17,-1.,-3.33066907387547E-16));
#1242=FACE_BOUND('',#1243,.T.);
#1243=EDGE_LOOP('',(#1671,#1672,#1673));
#1244=TOROIDAL_SURFACE('',#1245,2.,1.);
#1245=AXIS2_PLACEMENT_3D('',#1246,#1247,#1248);
#1246=CARTESIAN_POINT('',(141.,28.0080240618274,2.99999999999997));
#1247=DIRECTION('',(-1.,0.,1.83697019872103E-16));
#1248=DIRECTION('',(-3.37445951098918E-32,-1.,-1.83697019872103E-16));
#1249=FACE_BOUND('',#1250,.T.);
#1250=EDGE_LOOP('',(#1674,#1675,#1676));
#1251=TOROIDAL_SURFACE('',#1252,2.,1.);
#1252=AXIS2_PLACEMENT_3D('',#1253,#1254,#1255);
#1253=CARTESIAN_POINT('',(141.,13.0080240618274,2.99999999999997));
#1254=DIRECTION('',(-1.,0.,1.83697019872103E-16));
#1255=DIRECTION('',(-2.78478188330332E-31,1.,-1.51596464942229E-15));
#1256=FACE_BOUND('',#1257,.T.);
#1257=EDGE_LOOP('',(#1677,#1678,#1679,#1680,#1681,#1682));
#1258=CYLINDRICAL_SURFACE('',#1259,1.);
#1259=AXIS2_PLACEMENT_3D('',#1260,#1261,#1262);
#1260=CARTESIAN_POINT('',(141.,33.7400748693963,4.99999999999998));
#1261=DIRECTION('',(0.,1.,6.71232624947357E-17));
#1262=DIRECTION('',(0.,6.71232624947357E-17,-1.));
#1263=FACE_BOUND('',#1264,.T.);
#1264=EDGE_LOOP('',(#1683,#1684,#1685,#1686));
#1265=CYLINDRICAL_SURFACE('',#1266,1.);
#1266=AXIS2_PLACEMENT_3D('',#1267,#1268,#1269);
#1267=CARTESIAN_POINT('',(188.,14.5080240618274,0.999999999999965));
#1268=DIRECTION('',(1.,8.88178419700126E-17,-1.88737914186277E-16));
#1269=DIRECTION('',(-8.88178419700139E-17,1.,-5.34749086126695E-30));
#1270=FACE_BOUND('',#1271,.T.);
#1271=EDGE_LOOP('',(#1687,#1688,#1689,#1690));
#1272=CYLINDRICAL_SURFACE('',#1273,1.);
#1273=AXIS2_PLACEMENT_3D('',#1274,#1275,#1276);
#1274=CARTESIAN_POINT('',(168.,26.5080240618274,0.999999999999969));
#1275=DIRECTION('',(-1.,-3.55271367880051E-16,1.77635683940025E-16));
#1276=DIRECTION('',(3.55271367880051E-16,-1.,2.22044604925032E-16));
#1277=FACE_BOUND('',#1278,.T.);
#1278=EDGE_LOOP('',(#1691,#1692,#1693,#1694));
#1279=CYLINDRICAL_SURFACE('',#1280,1.);
#1280=AXIS2_PLACEMENT_3D('',#1281,#1282,#1283);
#1281=CARTESIAN_POINT('',(194.,14.5080240618296,0.999999999999964));
#1282=DIRECTION('',(1.,1.91846538655228E-13,-1.99840144432529E-16));
#1283=DIRECTION('',(-1.91846538655228E-13,1.,-2.22044604925033E-16));
#1284=FACE_BOUND('',#1285,.T.);
#1285=EDGE_LOOP('',(#1695,#1696,#1697,#1698));
#1286=CYLINDRICAL_SURFACE('',#1287,1.);
#1287=AXIS2_PLACEMENT_3D('',#1288,#1289,#1290);
#1288=CARTESIAN_POINT('',(163.,26.5080240618274,0.99999999999997));
#1289=DIRECTION('',(-1.,1.86984930463184E-16,1.75298372309235E-16));
#1290=DIRECTION('',(-1.86984930463184E-16,-1.,2.22044604925031E-16));
#1291=FACE_BOUND('',#1292,.T.);
#1292=EDGE_LOOP('',(#1699,#1700,#1701,#1702));
#1293=CYLINDRICAL_SURFACE('',#1294,1.);
#1294=AXIS2_PLACEMENT_3D('',#1295,#1296,#1297);
#1295=CARTESIAN_POINT('',(182.,14.5080240618274,0.999999999999966));
#1296=DIRECTION('',(1.,9.34924652315921E-17,-2.10358046771082E-16));
#1297=DIRECTION('',(-9.34924652315922E-17,1.,-2.22044604925031E-16));
#1298=FACE_BOUND('',#1299,.T.);
#1299=EDGE_LOOP('',(#1703,#1704,#1705,#1706));
#1300=CYLINDRICAL_SURFACE('',#1301,1.);
#1301=AXIS2_PLACEMENT_3D('',#1302,#1303,#1304);
#1302=CARTESIAN_POINT('',(157.,26.5080240618274,0.999999999999972));
#1303=DIRECTION('',(-1.,0.,1.97372982155583E-16));
#1304=DIRECTION('',(0.,-1.,0.));
#1305=FACE_BOUND('',#1306,.T.);
#1306=EDGE_LOOP('',(#1707,#1708,#1709,#1710));
#1307=CYLINDRICAL_SURFACE('',#1308,1.);
#1308=AXIS2_PLACEMENT_3D('',#1309,#1310,#1311);
#1309=CARTESIAN_POINT('',(175.,14.5080240618274,0.999999999999967));
#1310=DIRECTION('',(1.,0.,-1.97372982155583E-16));
#1311=DIRECTION('',(6.57384087684176E-32,1.,3.33066907387547E-16));
#1312=FACE_BOUND('',#1313,.T.);
#1313=EDGE_LOOP('',(#1711,#1712,#1713,#1714));
#1314=CYLINDRICAL_SURFACE('',#1315,1.);
#1315=AXIS2_PLACEMENT_3D('',#1316,#1317,#1318);
#1316=CARTESIAN_POINT('',(172.,11.5080240618274,-3.23074900165921E-14));
#1317=DIRECTION('',(-1.57898385724467E-15,1.,7.40148683083437E-17));
#1318=DIRECTION('',(-1.16868282254965E-31,7.40148683083437E-17,-1.));
#1319=FACE_BOUND('',#1320,.T.);
#1320=EDGE_LOOP('',(#1715,#1716,#1717,#1718));
#1321=CYLINDRICAL_SURFACE('',#1322,1.);
#1322=AXIS2_PLACEMENT_3D('',#1323,#1324,#1325);
#1323=CARTESIAN_POINT('',(166.,29.5080240618274,-3.01980662698043E-14));
#1324=DIRECTION('',(0.,-1.,-6.16790569236198E-17));
#1325=DIRECTION('',(0.,6.16790569236198E-17,-1.));
#1326=FACE_BOUND('',#1327,.T.);
#1327=EDGE_LOOP('',(#1719,#1720,#1721,#1722));
#1328=CYLINDRICAL_SURFACE('',#1329,1.);
#1329=AXIS2_PLACEMENT_3D('',#1330,#1331,#1332);
#1330=CARTESIAN_POINT('',(160.,11.5080240618274,-3.01980662698043E-14));
#1331=DIRECTION('',(-1.57898385724467E-15,1.,6.16790569236198E-17));
#1332=DIRECTION('',(-2.90222900933162E-30,6.167905692362E-17,-1.));
#1333=FACE_BOUND('',#1334,.T.);
#1334=EDGE_LOOP('',(#1723,#1724,#1725,#1726));
#1335=CYLINDRICAL_SURFACE('',#1336,1.);
#1336=AXIS2_PLACEMENT_3D('',#1337,#1338,#1339);
#1337=CARTESIAN_POINT('',(168.,30.5080240618274,0.99999999999997));
#1338=DIRECTION('',(0.,1.,5.55111512312578E-17));
#1339=DIRECTION('',(-1.,0.,-1.97215226305253E-31));
#1340=FACE_BOUND('',#1341,.T.);
#1341=EDGE_LOOP('',(#1727,#1728,#1729,#1730));
#1342=CYLINDRICAL_SURFACE('',#1343,1.);
#1343=AXIS2_PLACEMENT_3D('',#1344,#1345,#1346);
#1344=CARTESIAN_POINT('',(164.,10.5080240618274,0.999999999999969));
#1345=DIRECTION('',(0.,-1.,-4.44089209850063E-17));
#1346=DIRECTION('',(1.,4.93038065763132E-33,-1.11022302462516E-16));
#1347=FACE_BOUND('',#1348,.T.);
#1348=EDGE_LOOP('',(#1731,#1732,#1733,#1734));
#1349=CYLINDRICAL_SURFACE('',#1350,1.);
#1350=AXIS2_PLACEMENT_3D('',#1351,#1352,#1353);
#1351=CARTESIAN_POINT('',(170.,10.5080240618274,0.999999999999968));
#1352=DIRECTION('',(0.,-1.,-6.66133814775094E-17));
#1353=DIRECTION('',(1.,7.39557098644699E-33,-1.11022302462516E-16));
#1354=FACE_BOUND('',#1355,.T.);
#1355=EDGE_LOOP('',(#1735,#1736,#1737,#1738));
#1356=CYLINDRICAL_SURFACE('',#1357,1.);
#1357=AXIS2_PLACEMENT_3D('',#1358,#1359,#1360);
#1358=CARTESIAN_POINT('',(162.,30.5080240618274,0.999999999999971));
#1359=DIRECTION('',(0.,1.,5.55111512312578E-17));
#1360=DIRECTION('',(-1.,0.,0.));
#1361=ORIENTED_EDGE('',*,*,#1739,.T.);
#1362=ORIENTED_EDGE('',*,*,#1740,.T.);
#1363=ORIENTED_EDGE('',*,*,#1741,.F.);
#1364=ORIENTED_EDGE('',*,*,#1742,.F.);
#1365=ORIENTED_EDGE('',*,*,#1743,.F.);
#1366=ORIENTED_EDGE('',*,*,#1744,.F.);
#1367=ORIENTED_EDGE('',*,*,#1745,.F.);
#1368=ORIENTED_EDGE('',*,*,#1746,.F.);
#1369=ORIENTED_EDGE('',*,*,#1747,.F.);
#1370=ORIENTED_EDGE('',*,*,#1748,.F.);
#1371=ORIENTED_EDGE('',*,*,#1749,.F.);
#1372=ORIENTED_EDGE('',*,*,#1750,.F.);
#1373=ORIENTED_EDGE('',*,*,#1751,.F.);
#1374=ORIENTED_EDGE('',*,*,#1752,.F.);
#1375=ORIENTED_EDGE('',*,*,#1753,.F.);
#1376=ORIENTED_EDGE('',*,*,#1754,.F.);
#1377=ORIENTED_EDGE('',*,*,#1755,.F.);
#1378=ORIENTED_EDGE('',*,*,#1756,.F.);
#1379=ORIENTED_EDGE('',*,*,#1757,.F.);
#1380=ORIENTED_EDGE('',*,*,#1758,.F.);
#1381=ORIENTED_EDGE('',*,*,#1759,.F.);
#1382=ORIENTED_EDGE('',*,*,#1760,.F.);
#1383=ORIENTED_EDGE('',*,*,#1761,.F.);
#1384=ORIENTED_EDGE('',*,*,#1762,.F.);
#1385=ORIENTED_EDGE('',*,*,#1763,.T.);
#1386=ORIENTED_EDGE('',*,*,#1764,.T.);
#1387=ORIENTED_EDGE('',*,*,#1765,.F.);
#1388=ORIENTED_EDGE('',*,*,#1766,.F.);
#1389=ORIENTED_EDGE('',*,*,#1767,.F.);
#1390=ORIENTED_EDGE('',*,*,#1768,.F.);
#1391=ORIENTED_EDGE('',*,*,#1769,.T.);
#1392=ORIENTED_EDGE('',*,*,#1766,.T.);
#1393=ORIENTED_EDGE('',*,*,#1770,.T.);
#1394=ORIENTED_EDGE('',*,*,#1768,.T.);
#1395=ORIENTED_EDGE('',*,*,#1771,.F.);
#1396=ORIENTED_EDGE('',*,*,#1772,.F.);
#1397=ORIENTED_EDGE('',*,*,#1773,.F.);
#1398=ORIENTED_EDGE('',*,*,#1764,.F.);
#1399=ORIENTED_EDGE('',*,*,#1774,.T.);
#1400=ORIENTED_EDGE('',*,*,#1772,.T.);
#1401=ORIENTED_EDGE('',*,*,#1775,.F.);
#1402=ORIENTED_EDGE('',*,*,#1776,.F.);
#1403=ORIENTED_EDGE('',*,*,#1777,.T.);
#1404=ORIENTED_EDGE('',*,*,#1778,.T.);
#1405=ORIENTED_EDGE('',*,*,#1779,.F.);
#1406=ORIENTED_EDGE('',*,*,#1780,.F.);
#1407=ORIENTED_EDGE('',*,*,#1781,.T.);
#1408=ORIENTED_EDGE('',*,*,#1776,.T.);
#1409=ORIENTED_EDGE('',*,*,#1782,.F.);
#1410=ORIENTED_EDGE('',*,*,#1783,.T.);
#1411=ORIENTED_EDGE('',*,*,#1780,.T.);
#1412=ORIENTED_EDGE('',*,*,#1784,.F.);
#1413=ORIENTED_EDGE('',*,*,#1785,.T.);
#1414=ORIENTED_EDGE('',*,*,#1782,.T.);
#1415=ORIENTED_EDGE('',*,*,#1786,.F.);
#1416=ORIENTED_EDGE('',*,*,#1778,.F.);
#1417=ORIENTED_EDGE('',*,*,#1787,.F.);
#1418=ORIENTED_EDGE('',*,*,#1788,.F.);
#1419=ORIENTED_EDGE('',*,*,#1789,.T.);
#1420=ORIENTED_EDGE('',*,*,#1790,.T.);
#1421=ORIENTED_EDGE('',*,*,#1791,.F.);
#1422=ORIENTED_EDGE('',*,*,#1792,.F.);
#1423=ORIENTED_EDGE('',*,*,#1793,.T.);
#1424=ORIENTED_EDGE('',*,*,#1788,.T.);
#1425=ORIENTED_EDGE('',*,*,#1794,.T.);
#1426=ORIENTED_EDGE('',*,*,#1792,.T.);
#1427=ORIENTED_EDGE('',*,*,#1795,.F.);
#1428=ORIENTED_EDGE('',*,*,#1796,.F.);
#1429=ORIENTED_EDGE('',*,*,#1797,.F.);
#1430=ORIENTED_EDGE('',*,*,#1790,.F.);
#1431=ORIENTED_EDGE('',*,*,#1798,.T.);
#1432=ORIENTED_EDGE('',*,*,#1796,.T.);
#1433=ORIENTED_EDGE('',*,*,#1799,.F.);
#1434=ORIENTED_EDGE('',*,*,#1800,.F.);
#1435=ORIENTED_EDGE('',*,*,#1801,.T.);
#1436=ORIENTED_EDGE('',*,*,#1802,.T.);
#1437=ORIENTED_EDGE('',*,*,#1803,.T.);
#1438=ORIENTED_EDGE('',*,*,#1800,.T.);
#1439=ORIENTED_EDGE('',*,*,#1804,.F.);
#1440=ORIENTED_EDGE('',*,*,#1805,.F.);
#1441=ORIENTED_EDGE('',*,*,#1806,.F.);
#1442=ORIENTED_EDGE('',*,*,#1807,.T.);
#1443=ORIENTED_EDGE('',*,*,#1805,.T.);
#1444=ORIENTED_EDGE('',*,*,#1808,.F.);
#1445=ORIENTED_EDGE('',*,*,#1809,.T.);
#1446=ORIENTED_EDGE('',*,*,#1806,.T.);
#1447=ORIENTED_EDGE('',*,*,#1810,.F.);
#1448=ORIENTED_EDGE('',*,*,#1802,.F.);
#1449=ORIENTED_EDGE('',*,*,#1811,.T.);
#1450=ORIENTED_EDGE('',*,*,#1812,.T.);
#1451=ORIENTED_EDGE('',*,*,#1813,.F.);
#1452=ORIENTED_EDGE('',*,*,#1814,.F.);
#1453=ORIENTED_EDGE('',*,*,#1815,.F.);
#1454=ORIENTED_EDGE('',*,*,#1816,.T.);
#1455=ORIENTED_EDGE('',*,*,#1814,.T.);
#1456=ORIENTED_EDGE('',*,*,#1817,.F.);
#1457=ORIENTED_EDGE('',*,*,#1818,.F.);
#1458=ORIENTED_EDGE('',*,*,#1819,.F.);
#1459=ORIENTED_EDGE('',*,*,#1820,.T.);
#1460=ORIENTED_EDGE('',*,*,#1815,.T.);
#1461=ORIENTED_EDGE('',*,*,#1821,.F.);
#1462=ORIENTED_EDGE('',*,*,#1812,.F.);
#1463=ORIENTED_EDGE('',*,*,#1822,.T.);
#1464=ORIENTED_EDGE('',*,*,#1819,.T.);
#1465=ORIENTED_EDGE('',*,*,#1823,.F.);
#1466=ORIENTED_EDGE('',*,*,#1824,.T.);
#1467=ORIENTED_EDGE('',*,*,#1825,.F.);
#1468=ORIENTED_EDGE('',*,*,#1826,.T.);
#1469=ORIENTED_EDGE('',*,*,#1827,.F.);
#1470=ORIENTED_EDGE('',*,*,#1828,.F.);
#1471=ORIENTED_EDGE('',*,*,#1829,.F.);
#1472=ORIENTED_EDGE('',*,*,#1830,.F.);
#1473=ORIENTED_EDGE('',*,*,#1831,.F.);
#1474=ORIENTED_EDGE('',*,*,#1832,.F.);
#1475=ORIENTED_EDGE('',*,*,#1833,.F.);
#1476=ORIENTED_EDGE('',*,*,#1834,.F.);
#1477=ORIENTED_EDGE('',*,*,#1835,.F.);
#1478=ORIENTED_EDGE('',*,*,#1836,.T.);
#1479=ORIENTED_EDGE('',*,*,#1837,.F.);
#1480=ORIENTED_EDGE('',*,*,#1838,.F.);
#1481=ORIENTED_EDGE('',*,*,#1839,.F.);
#1482=ORIENTED_EDGE('',*,*,#1840,.F.);
#1483=ORIENTED_EDGE('',*,*,#1841,.T.);
#1484=ORIENTED_EDGE('',*,*,#1837,.T.);
#1485=ORIENTED_EDGE('',*,*,#1842,.T.);
#1486=ORIENTED_EDGE('',*,*,#1843,.T.);
#1487=ORIENTED_EDGE('',*,*,#1844,.F.);
#1488=ORIENTED_EDGE('',*,*,#1845,.F.);
#1489=ORIENTED_EDGE('',*,*,#1846,.F.);
#1490=ORIENTED_EDGE('',*,*,#1847,.T.);
#1491=ORIENTED_EDGE('',*,*,#1843,.F.);
#1492=ORIENTED_EDGE('',*,*,#1848,.F.);
#1493=ORIENTED_EDGE('',*,*,#1849,.T.);
#1494=ORIENTED_EDGE('',*,*,#1850,.F.);
#1495=ORIENTED_EDGE('',*,*,#1851,.T.);
#1496=ORIENTED_EDGE('',*,*,#1825,.T.);
#1497=ORIENTED_EDGE('',*,*,#1852,.T.);
#1498=ORIENTED_EDGE('',*,*,#1853,.F.);
#1499=ORIENTED_EDGE('',*,*,#1854,.F.);
#1500=ORIENTED_EDGE('',*,*,#1855,.T.);
#1501=ORIENTED_EDGE('',*,*,#1856,.F.);
#1502=ORIENTED_EDGE('',*,*,#1826,.F.);
#1503=ORIENTED_EDGE('',*,*,#1851,.F.);
#1504=ORIENTED_EDGE('',*,*,#1857,.F.);
#1505=ORIENTED_EDGE('',*,*,#1858,.T.);
#1506=ORIENTED_EDGE('',*,*,#1828,.T.);
#1507=ORIENTED_EDGE('',*,*,#1859,.T.);
#1508=ORIENTED_EDGE('',*,*,#1860,.F.);
#1509=ORIENTED_EDGE('',*,*,#1861,.F.);
#1510=ORIENTED_EDGE('',*,*,#1862,.T.);
#1511=ORIENTED_EDGE('',*,*,#1863,.T.);
#1512=ORIENTED_EDGE('',*,*,#1864,.F.);
#1513=ORIENTED_EDGE('',*,*,#1865,.F.);
#1514=ORIENTED_EDGE('',*,*,#1866,.F.);
#1515=ORIENTED_EDGE('',*,*,#1852,.F.);
#1516=ORIENTED_EDGE('',*,*,#1824,.F.);
#1517=ORIENTED_EDGE('',*,*,#1867,.T.);
#1518=ORIENTED_EDGE('',*,*,#1848,.T.);
#1519=ORIENTED_EDGE('',*,*,#1842,.F.);
#1520=ORIENTED_EDGE('',*,*,#1836,.F.);
#1521=ORIENTED_EDGE('',*,*,#1868,.F.);
#1522=ORIENTED_EDGE('',*,*,#1864,.T.);
#1523=ORIENTED_EDGE('',*,*,#1869,.T.);
#1524=ORIENTED_EDGE('',*,*,#1870,.T.);
#1525=ORIENTED_EDGE('',*,*,#1871,.T.);
#1526=ORIENTED_EDGE('',*,*,#1872,.F.);
#1527=ORIENTED_EDGE('',*,*,#1853,.T.);
#1528=ORIENTED_EDGE('',*,*,#1866,.T.);
#1529=ORIENTED_EDGE('',*,*,#1873,.T.);
#1530=ORIENTED_EDGE('',*,*,#1871,.F.);
#1531=ORIENTED_EDGE('',*,*,#1874,.F.);
#1532=ORIENTED_EDGE('',*,*,#1875,.F.);
#1533=ORIENTED_EDGE('',*,*,#1876,.T.);
#1534=ORIENTED_EDGE('',*,*,#1877,.F.);
#1535=ORIENTED_EDGE('',*,*,#1876,.F.);
#1536=ORIENTED_EDGE('',*,*,#1878,.F.);
#1537=ORIENTED_EDGE('',*,*,#1879,.F.);
#1538=ORIENTED_EDGE('',*,*,#1880,.F.);
#1539=ORIENTED_EDGE('',*,*,#1879,.T.);
#1540=ORIENTED_EDGE('',*,*,#1881,.F.);
#1541=ORIENTED_EDGE('',*,*,#1882,.T.);
#1542=ORIENTED_EDGE('',*,*,#1883,.F.);
#1543=ORIENTED_EDGE('',*,*,#1884,.F.);
#1544=ORIENTED_EDGE('',*,*,#1857,.T.);
#1545=ORIENTED_EDGE('',*,*,#1850,.T.);
#1546=ORIENTED_EDGE('',*,*,#1885,.F.);
#1547=ORIENTED_EDGE('',*,*,#1883,.T.);
#1548=ORIENTED_EDGE('',*,*,#1886,.T.);
#1549=ORIENTED_EDGE('',*,*,#1887,.T.);
#1550=ORIENTED_EDGE('',*,*,#1860,.T.);
#1551=ORIENTED_EDGE('',*,*,#1888,.F.);
#1552=ORIENTED_EDGE('',*,*,#1889,.F.);
#1553=ORIENTED_EDGE('',*,*,#1861,.T.);
#1554=ORIENTED_EDGE('',*,*,#1887,.F.);
#1555=ORIENTED_EDGE('',*,*,#1890,.T.);
#1556=ORIENTED_EDGE('',*,*,#1891,.F.);
#1557=ORIENTED_EDGE('',*,*,#1892,.T.);
#1558=ORIENTED_EDGE('',*,*,#1869,.F.);
#1559=ORIENTED_EDGE('',*,*,#1863,.F.);
#1560=ORIENTED_EDGE('',*,*,#1893,.F.);
#1561=ORIENTED_EDGE('',*,*,#1894,.F.);
#1562=ORIENTED_EDGE('',*,*,#1874,.T.);
#1563=ORIENTED_EDGE('',*,*,#1870,.F.);
#1564=ORIENTED_EDGE('',*,*,#1892,.F.);
#1565=ORIENTED_EDGE('',*,*,#1895,.F.);
#1566=ORIENTED_EDGE('',*,*,#1890,.F.);
#1567=ORIENTED_EDGE('',*,*,#1886,.F.);
#1568=ORIENTED_EDGE('',*,*,#1882,.F.);
#1569=ORIENTED_EDGE('',*,*,#1896,.T.);
#1570=ORIENTED_EDGE('',*,*,#1838,.T.);
#1571=ORIENTED_EDGE('',*,*,#1897,.T.);
#1572=ORIENTED_EDGE('',*,*,#1740,.F.);
#1573=ORIENTED_EDGE('',*,*,#1741,.T.);
#1574=ORIENTED_EDGE('',*,*,#1897,.F.);
#1575=ORIENTED_EDGE('',*,*,#1841,.F.);
#1576=ORIENTED_EDGE('',*,*,#1898,.T.);
#1577=ORIENTED_EDGE('',*,*,#1899,.T.);
#1578=ORIENTED_EDGE('',*,*,#1742,.T.);
#1579=ORIENTED_EDGE('',*,*,#1898,.F.);
#1580=ORIENTED_EDGE('',*,*,#1847,.F.);
#1581=ORIENTED_EDGE('',*,*,#1833,.T.);
#1582=ORIENTED_EDGE('',*,*,#1900,.T.);
#1583=ORIENTED_EDGE('',*,*,#1899,.F.);
#1584=ORIENTED_EDGE('',*,*,#1846,.T.);
#1585=ORIENTED_EDGE('',*,*,#1832,.T.);
#1586=ORIENTED_EDGE('',*,*,#1901,.T.);
#1587=ORIENTED_EDGE('',*,*,#1739,.F.);
#1588=ORIENTED_EDGE('',*,*,#1900,.F.);
#1589=ORIENTED_EDGE('',*,*,#1839,.T.);
#1590=ORIENTED_EDGE('',*,*,#1896,.F.);
#1591=ORIENTED_EDGE('',*,*,#1901,.F.);
#1592=ORIENTED_EDGE('',*,*,#1831,.T.);
#1593=ORIENTED_EDGE('',*,*,#1902,.F.);
#1594=ORIENTED_EDGE('',*,*,#1746,.T.);
#1595=ORIENTED_EDGE('',*,*,#1903,.T.);
#1596=ORIENTED_EDGE('',*,*,#1822,.F.);
#1597=ORIENTED_EDGE('',*,*,#1745,.T.);
#1598=ORIENTED_EDGE('',*,*,#1904,.T.);
#1599=ORIENTED_EDGE('',*,*,#1820,.F.);
#1600=ORIENTED_EDGE('',*,*,#1903,.F.);
#1601=ORIENTED_EDGE('',*,*,#1905,.F.);
#1602=ORIENTED_EDGE('',*,*,#1816,.F.);
#1603=ORIENTED_EDGE('',*,*,#1904,.F.);
#1604=ORIENTED_EDGE('',*,*,#1744,.T.);
#1605=ORIENTED_EDGE('',*,*,#1906,.F.);
#1606=ORIENTED_EDGE('',*,*,#1754,.T.);
#1607=ORIENTED_EDGE('',*,*,#1907,.T.);
#1608=ORIENTED_EDGE('',*,*,#1793,.F.);
#1609=ORIENTED_EDGE('',*,*,#1753,.T.);
#1610=ORIENTED_EDGE('',*,*,#1908,.T.);
#1611=ORIENTED_EDGE('',*,*,#1789,.F.);
#1612=ORIENTED_EDGE('',*,*,#1907,.F.);
#1613=ORIENTED_EDGE('',*,*,#1909,.F.);
#1614=ORIENTED_EDGE('',*,*,#1798,.F.);
#1615=ORIENTED_EDGE('',*,*,#1908,.F.);
#1616=ORIENTED_EDGE('',*,*,#1752,.T.);
#1617=ORIENTED_EDGE('',*,*,#1910,.F.);
#1618=ORIENTED_EDGE('',*,*,#1781,.F.);
#1619=ORIENTED_EDGE('',*,*,#1911,.F.);
#1620=ORIENTED_EDGE('',*,*,#1761,.T.);
#1621=ORIENTED_EDGE('',*,*,#1912,.F.);
#1622=ORIENTED_EDGE('',*,*,#1758,.T.);
#1623=ORIENTED_EDGE('',*,*,#1913,.F.);
#1624=ORIENTED_EDGE('',*,*,#1774,.F.);
#1625=ORIENTED_EDGE('',*,*,#1914,.F.);
#1626=ORIENTED_EDGE('',*,*,#1769,.F.);
#1627=ORIENTED_EDGE('',*,*,#1915,.F.);
#1628=ORIENTED_EDGE('',*,*,#1756,.T.);
#1629=ORIENTED_EDGE('',*,*,#1773,.T.);
#1630=ORIENTED_EDGE('',*,*,#1771,.T.);
#1631=ORIENTED_EDGE('',*,*,#1767,.T.);
#1632=ORIENTED_EDGE('',*,*,#1765,.T.);
#1633=ORIENTED_EDGE('',*,*,#1797,.T.);
#1634=ORIENTED_EDGE('',*,*,#1795,.T.);
#1635=ORIENTED_EDGE('',*,*,#1791,.T.);
#1636=ORIENTED_EDGE('',*,*,#1787,.T.);
#1637=ORIENTED_EDGE('',*,*,#1916,.T.);
#1638=ORIENTED_EDGE('',*,*,#1878,.T.);
#1639=ORIENTED_EDGE('',*,*,#1917,.T.);
#1640=ORIENTED_EDGE('',*,*,#1893,.T.);
#1641=ORIENTED_EDGE('',*,*,#1862,.F.);
#1642=ORIENTED_EDGE('',*,*,#1889,.T.);
#1643=ORIENTED_EDGE('',*,*,#1917,.F.);
#1644=ORIENTED_EDGE('',*,*,#1875,.T.);
#1645=ORIENTED_EDGE('',*,*,#1894,.T.);
#1646=ORIENTED_EDGE('',*,*,#1891,.T.);
#1647=ORIENTED_EDGE('',*,*,#1916,.F.);
#1648=ORIENTED_EDGE('',*,*,#1888,.T.);
#1649=ORIENTED_EDGE('',*,*,#1895,.T.);
#1650=ORIENTED_EDGE('',*,*,#1881,.T.);
#1651=ORIENTED_EDGE('',*,*,#1849,.F.);
#1652=ORIENTED_EDGE('',*,*,#1918,.T.);
#1653=ORIENTED_EDGE('',*,*,#1880,.T.);
#1654=ORIENTED_EDGE('',*,*,#1885,.T.);
#1655=ORIENTED_EDGE('',*,*,#1855,.F.);
#1656=ORIENTED_EDGE('',*,*,#1919,.T.);
#1657=ORIENTED_EDGE('',*,*,#1877,.T.);
#1658=ORIENTED_EDGE('',*,*,#1918,.F.);
#1659=ORIENTED_EDGE('',*,*,#1873,.F.);
#1660=ORIENTED_EDGE('',*,*,#1919,.F.);
#1661=ORIENTED_EDGE('',*,*,#1854,.T.);
#1662=ORIENTED_EDGE('',*,*,#1872,.T.);
#1663=ORIENTED_EDGE('',*,*,#1859,.F.);
#1664=ORIENTED_EDGE('',*,*,#1827,.T.);
#1665=ORIENTED_EDGE('',*,*,#1856,.T.);
#1666=ORIENTED_EDGE('',*,*,#1884,.T.);
#1667=ORIENTED_EDGE('',*,*,#1858,.F.);
#1668=ORIENTED_EDGE('',*,*,#1868,.T.);
#1669=ORIENTED_EDGE('',*,*,#1865,.T.);
#1670=ORIENTED_EDGE('',*,*,#1823,.T.);
#1671=ORIENTED_EDGE('',*,*,#1830,.T.);
#1672=ORIENTED_EDGE('',*,*,#1920,.F.);
#1673=ORIENTED_EDGE('',*,*,#1840,.T.);
#1674=ORIENTED_EDGE('',*,*,#1845,.T.);
#1675=ORIENTED_EDGE('',*,*,#1921,.F.);
#1676=ORIENTED_EDGE('',*,*,#1834,.T.);
#1677=ORIENTED_EDGE('',*,*,#1829,.T.);
#1678=ORIENTED_EDGE('',*,*,#1921,.T.);
#1679=ORIENTED_EDGE('',*,*,#1844,.T.);
#1680=ORIENTED_EDGE('',*,*,#1867,.F.);
#1681=ORIENTED_EDGE('',*,*,#1835,.T.);
#1682=ORIENTED_EDGE('',*,*,#1920,.T.);
#1683=ORIENTED_EDGE('',*,*,#1757,.T.);
#1684=ORIENTED_EDGE('',*,*,#1915,.T.);
#1685=ORIENTED_EDGE('',*,*,#1770,.F.);
#1686=ORIENTED_EDGE('',*,*,#1913,.T.);
#1687=ORIENTED_EDGE('',*,*,#1755,.T.);
#1688=ORIENTED_EDGE('',*,*,#1912,.T.);
#1689=ORIENTED_EDGE('',*,*,#1763,.F.);
#1690=ORIENTED_EDGE('',*,*,#1914,.T.);
#1691=ORIENTED_EDGE('',*,*,#1751,.T.);
#1692=ORIENTED_EDGE('',*,*,#1906,.T.);
#1693=ORIENTED_EDGE('',*,*,#1794,.F.);
#1694=ORIENTED_EDGE('',*,*,#1909,.T.);
#1695=ORIENTED_EDGE('',*,*,#1922,.F.);
#1696=ORIENTED_EDGE('',*,*,#1762,.T.);
#1697=ORIENTED_EDGE('',*,*,#1911,.T.);
#1698=ORIENTED_EDGE('',*,*,#1783,.F.);
#1699=ORIENTED_EDGE('',*,*,#1923,.F.);
#1700=ORIENTED_EDGE('',*,*,#1777,.F.);
#1701=ORIENTED_EDGE('',*,*,#1910,.T.);
#1702=ORIENTED_EDGE('',*,*,#1760,.T.);
#1703=ORIENTED_EDGE('',*,*,#1924,.F.);
#1704=ORIENTED_EDGE('',*,*,#1750,.T.);
#1705=ORIENTED_EDGE('',*,*,#1925,.F.);
#1706=ORIENTED_EDGE('',*,*,#1801,.F.);
#1707=ORIENTED_EDGE('',*,*,#1926,.F.);
#1708=ORIENTED_EDGE('',*,*,#1807,.F.);
#1709=ORIENTED_EDGE('',*,*,#1927,.F.);
#1710=ORIENTED_EDGE('',*,*,#1748,.T.);
#1711=ORIENTED_EDGE('',*,*,#1786,.T.);
#1712=ORIENTED_EDGE('',*,*,#1784,.T.);
#1713=ORIENTED_EDGE('',*,*,#1779,.T.);
#1714=ORIENTED_EDGE('',*,*,#1775,.T.);
#1715=ORIENTED_EDGE('',*,*,#1810,.T.);
#1716=ORIENTED_EDGE('',*,*,#1808,.T.);
#1717=ORIENTED_EDGE('',*,*,#1804,.T.);
#1718=ORIENTED_EDGE('',*,*,#1799,.T.);
#1719=ORIENTED_EDGE('',*,*,#1818,.T.);
#1720=ORIENTED_EDGE('',*,*,#1817,.T.);
#1721=ORIENTED_EDGE('',*,*,#1813,.T.);
#1722=ORIENTED_EDGE('',*,*,#1821,.T.);
#1723=ORIENTED_EDGE('',*,*,#1749,.T.);
#1724=ORIENTED_EDGE('',*,*,#1927,.T.);
#1725=ORIENTED_EDGE('',*,*,#1809,.F.);
#1726=ORIENTED_EDGE('',*,*,#1925,.T.);
#1727=ORIENTED_EDGE('',*,*,#1747,.T.);
#1728=ORIENTED_EDGE('',*,*,#1924,.T.);
#1729=ORIENTED_EDGE('',*,*,#1803,.F.);
#1730=ORIENTED_EDGE('',*,*,#1926,.T.);
#1731=ORIENTED_EDGE('',*,*,#1759,.T.);
#1732=ORIENTED_EDGE('',*,*,#1922,.T.);
#1733=ORIENTED_EDGE('',*,*,#1785,.F.);
#1734=ORIENTED_EDGE('',*,*,#1923,.T.);
#1735=ORIENTED_EDGE('',*,*,#1743,.T.);
#1736=ORIENTED_EDGE('',*,*,#1902,.T.);
#1737=ORIENTED_EDGE('',*,*,#1811,.F.);
#1738=ORIENTED_EDGE('',*,*,#1905,.T.);
#1739=EDGE_CURVE('',#1928,#1929,#1930,.T.);
#1740=EDGE_CURVE('',#1929,#1931,#1932,.T.);
#1741=EDGE_CURVE('',#1933,#1931,#1934,.T.);
#1742=EDGE_CURVE('',#1928,#1933,#1935,.T.);
#1743=EDGE_CURVE('',#1936,#1937,#1938,.T.);
#1744=EDGE_CURVE('',#1939,#1936,#1940,.T.);
#1745=EDGE_CURVE('',#1941,#1939,#1942,.T.);
#1746=EDGE_CURVE('',#1937,#1941,#1943,.T.);
#1747=EDGE_CURVE('',#1944,#1945,#1946,.T.);
#1748=EDGE_CURVE('',#1947,#1944,#1948,.T.);
#1749=EDGE_CURVE('',#1949,#1947,#1950,.T.);
#1750=EDGE_CURVE('',#1945,#1949,#1951,.T.);
#1751=EDGE_CURVE('',#1952,#1953,#1954,.T.);
#1752=EDGE_CURVE('',#1955,#1952,#1956,.T.);
#1753=EDGE_CURVE('',#1957,#1955,#1958,.T.);
#1754=EDGE_CURVE('',#1953,#1957,#1959,.T.);
#1755=EDGE_CURVE('',#1960,#1961,#1962,.T.);
#1756=EDGE_CURVE('',#1963,#1960,#1964,.T.);
#1757=EDGE_CURVE('',#1965,#1963,#1966,.T.);
#1758=EDGE_CURVE('',#1961,#1965,#1967,.T.);
#1759=EDGE_CURVE('',#1968,#1969,#1970,.T.);
#1760=EDGE_CURVE('',#1971,#1968,#1972,.T.);
#1761=EDGE_CURVE('',#1973,#1971,#1974,.T.);
#1762=EDGE_CURVE('',#1969,#1973,#1975,.T.);
#1763=EDGE_CURVE('',#1976,#1977,#1978,.T.);
#1764=EDGE_CURVE('',#1977,#1979,#1980,.T.);
#1765=EDGE_CURVE('',#1981,#1979,#1982,.F.);
#1766=EDGE_CURVE('',#1976,#1981,#1983,.T.);
#1767=EDGE_CURVE('',#1984,#1981,#1985,.T.);
#1768=EDGE_CURVE('',#1986,#1984,#1987,.T.);
#1769=EDGE_CURVE('',#1986,#1976,#1988,.T.);
#1770=EDGE_CURVE('',#1989,#1986,#1990,.T.);
#1771=EDGE_CURVE('',#1991,#1984,#1992,.F.);
#1772=EDGE_CURVE('',#1989,#1991,#1993,.T.);
#1773=EDGE_CURVE('',#1979,#1991,#1994,.T.);
#1774=EDGE_CURVE('',#1977,#1989,#1995,.T.);
#1775=EDGE_CURVE('',#1996,#1997,#1998,.F.);
#1776=EDGE_CURVE('',#1999,#1996,#2000,.T.);
#1777=EDGE_CURVE('',#1999,#2001,#2002,.T.);
#1778=EDGE_CURVE('',#2001,#1997,#2003,.T.);
#1779=EDGE_CURVE('',#2004,#1996,#2005,.T.);
#1780=EDGE_CURVE('',#2006,#2004,#2007,.T.);
#1781=EDGE_CURVE('',#2006,#1999,#2008,.T.);
#1782=EDGE_CURVE('',#2009,#2010,#2011,.T.);
#1783=EDGE_CURVE('',#2009,#2006,#2012,.T.);
#1784=EDGE_CURVE('',#2010,#2004,#2013,.F.);
#1785=EDGE_CURVE('',#2001,#2009,#2014,.T.);
#1786=EDGE_CURVE('',#1997,#2010,#2015,.T.);
#1787=EDGE_CURVE('',#2016,#2017,#2018,.F.);
#1788=EDGE_CURVE('',#2019,#2016,#2020,.T.);
#1789=EDGE_CURVE('',#2019,#2021,#2022,.T.);
#1790=EDGE_CURVE('',#2021,#2017,#2023,.T.);
#1791=EDGE_CURVE('',#2024,#2016,#2025,.T.);
#1792=EDGE_CURVE('',#2026,#2024,#2027,.T.);
#1793=EDGE_CURVE('',#2026,#2019,#2028,.T.);
#1794=EDGE_CURVE('',#2029,#2026,#2030,.T.);
#1795=EDGE_CURVE('',#2031,#2024,#2032,.F.);
#1796=EDGE_CURVE('',#2029,#2031,#2033,.T.);
#1797=EDGE_CURVE('',#2017,#2031,#2034,.T.);
#1798=EDGE_CURVE('',#2021,#2029,#2035,.T.);
#1799=EDGE_CURVE('',#2036,#2037,#2038,.F.);
#1800=EDGE_CURVE('',#2039,#2036,#2040,.T.);
#1801=EDGE_CURVE('',#2039,#2041,#2042,.T.);
#1802=EDGE_CURVE('',#2041,#2037,#2043,.T.);
#1803=EDGE_CURVE('',#2044,#2039,#2045,.T.);
#1804=EDGE_CURVE('',#2046,#2036,#2047,.T.);
#1805=EDGE_CURVE('',#2044,#2046,#2048,.T.);
#1806=EDGE_CURVE('',#2049,#2050,#2051,.T.);
#1807=EDGE_CURVE('',#2049,#2044,#2052,.T.);
#1808=EDGE_CURVE('',#2050,#2046,#2053,.F.);
#1809=EDGE_CURVE('',#2041,#2049,#2054,.T.);
#1810=EDGE_CURVE('',#2037,#2050,#2055,.T.);
#1811=EDGE_CURVE('',#2056,#2057,#2058,.T.);
#1812=EDGE_CURVE('',#2057,#2059,#2060,.T.);
#1813=EDGE_CURVE('',#2061,#2059,#2062,.T.);
#1814=EDGE_CURVE('',#2056,#2061,#2063,.T.);
#1815=EDGE_CURVE('',#2064,#2065,#2066,.T.);
#1816=EDGE_CURVE('',#2064,#2056,#2067,.T.);
#1817=EDGE_CURVE('',#2065,#2061,#2068,.F.);
#1818=EDGE_CURVE('',#2069,#2065,#2070,.T.);
#1819=EDGE_CURVE('',#2071,#2069,#2072,.T.);
#1820=EDGE_CURVE('',#2071,#2064,#2073,.T.);
#1821=EDGE_CURVE('',#2059,#2069,#2074,.F.);
#1822=EDGE_CURVE('',#2057,#2071,#2075,.T.);
#1823=EDGE_CURVE('',#2076,#2077,#2078,.F.);
#1824=EDGE_CURVE('',#2076,#2079,#2080,.T.);
#1825=EDGE_CURVE('',#2081,#2079,#2082,.T.);
#1826=EDGE_CURVE('',#2081,#2083,#2084,.T.);
#1827=EDGE_CURVE('',#2085,#2083,#2086,.F.);
#1828=EDGE_CURVE('',#2077,#2085,#2087,.T.);
#1829=EDGE_CURVE('',#2088,#2089,#2090,.T.);
#1830=EDGE_CURVE('',#2091,#2088,#2092,.F.);
#1831=EDGE_CURVE('',#2093,#2091,#2094,.F.);
#1832=EDGE_CURVE('',#2095,#2093,#2096,.T.);
#1833=EDGE_CURVE('',#2097,#2095,#2098,.F.);
#1834=EDGE_CURVE('',#2089,#2097,#2099,.F.);
#1835=EDGE_CURVE('',#2100,#2101,#2102,.F.);
#1836=EDGE_CURVE('',#2100,#2103,#2104,.T.);
#1837=EDGE_CURVE('',#2105,#2103,#2106,.T.);
#1838=EDGE_CURVE('',#2107,#2105,#2108,.T.);
#1839=EDGE_CURVE('',#2091,#2107,#2109,.T.);
#1840=EDGE_CURVE('',#2101,#2091,#2110,.T.);
#1841=EDGE_CURVE('',#2111,#2105,#2112,.T.);
#1842=EDGE_CURVE('',#2103,#2113,#2114,.T.);
#1843=EDGE_CURVE('',#2113,#2111,#2115,.T.);
#1844=EDGE_CURVE('',#2116,#2117,#2118,.F.);
#1845=EDGE_CURVE('',#2097,#2116,#2119,.F.);
#1846=EDGE_CURVE('',#2120,#2097,#2121,.F.);
#1847=EDGE_CURVE('',#2120,#2111,#2122,.T.);
#1848=EDGE_CURVE('',#2117,#2113,#2123,.T.);
#1849=EDGE_CURVE('',#2124,#2125,#2126,.T.);
#1850=EDGE_CURVE('',#2127,#2125,#2128,.T.);
#1851=EDGE_CURVE('',#2127,#2081,#2129,.F.);
#1852=EDGE_CURVE('',#2079,#2130,#2131,.F.);
#1853=EDGE_CURVE('',#2132,#2130,#2133,.T.);
#1854=EDGE_CURVE('',#2134,#2132,#2135,.T.);
#1855=EDGE_CURVE('',#2134,#2124,#2136,.T.);
#1856=EDGE_CURVE('',#2083,#2137,#2138,.F.);
#1857=EDGE_CURVE('',#2137,#2127,#2139,.F.);
#1858=EDGE_CURVE('',#2140,#2077,#2141,.F.);
#1859=EDGE_CURVE('',#2085,#2142,#2143,.F.);
#1860=EDGE_CURVE('',#2144,#2142,#2145,.T.);
#1861=EDGE_CURVE('',#2146,#2144,#2147,.T.);
#1862=EDGE_CURVE('',#2146,#2148,#2149,.T.);
#1863=EDGE_CURVE('',#2148,#2150,#2151,.T.);
#1864=EDGE_CURVE('',#2140,#2150,#2152,.T.);
#1865=EDGE_CURVE('',#2153,#2076,#2154,.F.);
#1866=EDGE_CURVE('',#2130,#2153,#2155,.F.);
#1867=EDGE_CURVE('',#2100,#2117,#2156,.T.);
#1868=EDGE_CURVE('',#2140,#2153,#2157,.F.);
#1869=EDGE_CURVE('',#2150,#2158,#2159,.T.);
#1870=EDGE_CURVE('',#2158,#2160,#2161,.F.);
#1871=EDGE_CURVE('',#2160,#2162,#2163,.T.);
#1872=EDGE_CURVE('',#2132,#2162,#2164,.F.);
#1873=EDGE_CURVE('',#2165,#2162,#2166,.T.);
#1874=EDGE_CURVE('',#2167,#2160,#2168,.T.);
#1875=EDGE_CURVE('',#2169,#2167,#2170,.F.);
#1876=EDGE_CURVE('',#2169,#2165,#2171,.T.);
#1877=EDGE_CURVE('',#2165,#2172,#2173,.T.);
#1878=EDGE_CURVE('',#2174,#2169,#2175,.T.);
#1879=EDGE_CURVE('',#2172,#2174,#2176,.T.);
#1880=EDGE_CURVE('',#2172,#2177,#2178,.T.);
#1881=EDGE_CURVE('',#2179,#2174,#2180,.F.);
#1882=EDGE_CURVE('',#2179,#2181,#2182,.T.);
#1883=EDGE_CURVE('',#2177,#2181,#2183,.T.);
#1884=EDGE_CURVE('',#2137,#2142,#2184,.F.);
#1885=EDGE_CURVE('',#2177,#2125,#2185,.F.);
#1886=EDGE_CURVE('',#2181,#2186,#2187,.F.);
#1887=EDGE_CURVE('',#2186,#2144,#2188,.T.);
#1888=EDGE_CURVE('',#2189,#2190,#2191,.T.);
#1889=EDGE_CURVE('',#2146,#2189,#2192,.F.);
#1890=EDGE_CURVE('',#2186,#2190,#2193,.F.);
#1891=EDGE_CURVE('',#2194,#2195,#2196,.F.);
#1892=EDGE_CURVE('',#2194,#2158,#2197,.F.);
#1893=EDGE_CURVE('',#2195,#2148,#2198,.T.);
#1894=EDGE_CURVE('',#2167,#2194,#2199,.T.);
#1895=EDGE_CURVE('',#2190,#2179,#2200,.T.);
#1896=EDGE_CURVE('',#1929,#2107,#2201,.F.);
#1897=EDGE_CURVE('',#2105,#1931,#2202,.F.);
#1898=EDGE_CURVE('',#2111,#1933,#2203,.F.);
#1899=EDGE_CURVE('',#2120,#1928,#2204,.F.);
#1900=EDGE_CURVE('',#2095,#1928,#2205,.T.);
#1901=EDGE_CURVE('',#2093,#1929,#2206,.T.);
#1902=EDGE_CURVE('',#1937,#2057,#2207,.F.);
#1903=EDGE_CURVE('',#1941,#2071,#2208,.T.);
#1904=EDGE_CURVE('',#1939,#2064,#2209,.T.);
#1905=EDGE_CURVE('',#2056,#1936,#2210,.T.);
#1906=EDGE_CURVE('',#1953,#2026,#2211,.F.);
#1907=EDGE_CURVE('',#1957,#2019,#2212,.T.);
#1908=EDGE_CURVE('',#1955,#2021,#2213,.T.);
#1909=EDGE_CURVE('',#2029,#1952,#2214,.T.);
#1910=EDGE_CURVE('',#1999,#1971,#2215,.T.);
#1911=EDGE_CURVE('',#1973,#2006,#2216,.F.);
#1912=EDGE_CURVE('',#1961,#1977,#2217,.F.);
#1913=EDGE_CURVE('',#1989,#1965,#2218,.T.);
#1914=EDGE_CURVE('',#1976,#1960,#2219,.T.);
#1915=EDGE_CURVE('',#1963,#1986,#2220,.F.);
#1916=EDGE_CURVE('',#2189,#2174,#2221,.T.);
#1917=EDGE_CURVE('',#2169,#2195,#2222,.T.);
#1918=EDGE_CURVE('',#2124,#2172,#2223,.T.);
#1919=EDGE_CURVE('',#2134,#2165,#2224,.T.);
#1920=EDGE_CURVE('',#2101,#2088,#2225,.F.);
#1921=EDGE_CURVE('',#2089,#2116,#2226,.T.);
#1922=EDGE_CURVE('',#1969,#2009,#2227,.F.);
#1923=EDGE_CURVE('',#2001,#1968,#2228,.T.);
#1924=EDGE_CURVE('',#1945,#2039,#2229,.F.);
#1925=EDGE_CURVE('',#2041,#1949,#2230,.T.);
#1926=EDGE_CURVE('',#2044,#1944,#2231,.T.);
#1927=EDGE_CURVE('',#1947,#2049,#2232,.F.);
#1928=VERTEX_POINT('',#2233);
#1929=VERTEX_POINT('',#2234);
#1930=LINE('',#2235,#2236);
#1931=VERTEX_POINT('',#2238);
#1932=LINE('',#2239,#2240);
#1933=VERTEX_POINT('',#2242);
#1934=LINE('',#2243,#2244);
#1935=LINE('',#2246,#2247);
#1936=VERTEX_POINT('',#2249);
#1937=VERTEX_POINT('',#2250);
#1938=LINE('',#2251,#2252);
#1939=VERTEX_POINT('',#2254);
#1940=LINE('',#2255,#2256);
#1941=VERTEX_POINT('',#2258);
#1942=LINE('',#2259,#2260);
#1943=LINE('',#2262,#2263);
#1944=VERTEX_POINT('',#2265);
#1945=VERTEX_POINT('',#2266);
#1946=LINE('',#2267,#2268);
#1947=VERTEX_POINT('',#2270);
#1948=LINE('',#2271,#2272);
#1949=VERTEX_POINT('',#2274);
#1950=LINE('',#2275,#2276);
#1951=LINE('',#2278,#2279);
#1952=VERTEX_POINT('',#2281);
#1953=VERTEX_POINT('',#2282);
#1954=LINE('',#2283,#2284);
#1955=VERTEX_POINT('',#2286);
#1956=LINE('',#2287,#2288);
#1957=VERTEX_POINT('',#2290);
#1958=LINE('',#2291,#2292);
#1959=LINE('',#2294,#2295);
#1960=VERTEX_POINT('',#2297);
#1961=VERTEX_POINT('',#2298);
#1962=LINE('',#2299,#2300);
#1963=VERTEX_POINT('',#2302);
#1964=LINE('',#2303,#2304);
#1965=VERTEX_POINT('',#2306);
#1966=LINE('',#2307,#2308);
#1967=LINE('',#2310,#2311);
#1968=VERTEX_POINT('',#2313);
#1969=VERTEX_POINT('',#2314);
#1970=LINE('',#2315,#2316);
#1971=VERTEX_POINT('',#2318);
#1972=LINE('',#2319,#2320);
#1973=VERTEX_POINT('',#2322);
#1974=LINE('',#2323,#2324);
#1975=LINE('',#2326,#2327);
#1976=VERTEX_POINT('',#2329);
#1977=VERTEX_POINT('',#2330);
#1978=LINE('',#2331,#2332);
#1979=VERTEX_POINT('',#2334);
#1980=LINE('',#2335,#2336);
#1981=VERTEX_POINT('',#2338);
#1982=CIRCLE('',#2339,0.999999999999999);
#1983=LINE('',#2343,#2344);
#1984=VERTEX_POINT('',#2346);
#1985=LINE('',#2347,#2348);
#1986=VERTEX_POINT('',#2350);
#1987=LINE('',#2351,#2352);
#1988=LINE('',#2354,#2355);
#1989=VERTEX_POINT('',#2357);
#1990=LINE('',#2358,#2359);
#1991=VERTEX_POINT('',#2361);
#1992=CIRCLE('',#2362,1.);
#1993=LINE('',#2366,#2367);
#1994=LINE('',#2369,#2370);
#1995=LINE('',#2372,#2373);
#1996=VERTEX_POINT('',#2375);
#1997=VERTEX_POINT('',#2376);
#1998=CIRCLE('',#2377,1.);
#1999=VERTEX_POINT('',#2381);
#2000=LINE('',#2382,#2383);
#2001=VERTEX_POINT('',#2385);
#2002=LINE('',#2386,#2387);
#2003=LINE('',#2389,#2390);
#2004=VERTEX_POINT('',#2392);
#2005=LINE('',#2393,#2394);
#2006=VERTEX_POINT('',#2396);
#2007=LINE('',#2397,#2398);
#2008=LINE('',#2400,#2401);
#2009=VERTEX_POINT('',#2403);
#2010=VERTEX_POINT('',#2404);
#2011=LINE('',#2405,#2406);
#2012=LINE('',#2408,#2409);
#2013=CIRCLE('',#2411,0.999999999999971);
#2014=LINE('',#2415,#2416);
#2015=LINE('',#2418,#2419);
#2016=VERTEX_POINT('',#2421);
#2017=VERTEX_POINT('',#2422);
#2018=CIRCLE('',#2423,0.999999999999999);
#2019=VERTEX_POINT('',#2427);
#2020=LINE('',#2428,#2429);
#2021=VERTEX_POINT('',#2431);
#2022=LINE('',#2432,#2433);
#2023=LINE('',#2435,#2436);
#2024=VERTEX_POINT('',#2438);
#2025=LINE('',#2439,#2440);
#2026=VERTEX_POINT('',#2442);
#2027=LINE('',#2443,#2444);
#2028=LINE('',#2446,#2447);
#2029=VERTEX_POINT('',#2449);
#2030=LINE('',#2450,#2451);
#2031=VERTEX_POINT('',#2453);
#2032=CIRCLE('',#2454,0.999999999999233);
#2033=LINE('',#2458,#2459);
#2034=LINE('',#2461,#2462);
#2035=LINE('',#2464,#2465);
#2036=VERTEX_POINT('',#2467);
#2037=VERTEX_POINT('',#2468);
#2038=CIRCLE('',#2469,0.999999999999999);
#2039=VERTEX_POINT('',#2473);
#2040=LINE('',#2474,#2475);
#2041=VERTEX_POINT('',#2477);
#2042=LINE('',#2478,#2479);
#2043=LINE('',#2481,#2482);
#2044=VERTEX_POINT('',#2484);
#2045=LINE('',#2485,#2486);
#2046=VERTEX_POINT('',#2488);
#2047=LINE('',#2489,#2490);
#2048=LINE('',#2492,#2493);
#2049=VERTEX_POINT('',#2495);
#2050=VERTEX_POINT('',#2496);
#2051=LINE('',#2497,#2498);
#2052=LINE('',#2500,#2501);
#2053=CIRCLE('',#2503,1.00000000000003);
#2054=LINE('',#2507,#2508);
#2055=LINE('',#2510,#2511);
#2056=VERTEX_POINT('',#2513);
#2057=VERTEX_POINT('',#2514);
#2058=LINE('',#2515,#2516);
#2059=VERTEX_POINT('',#2518);
#2060=LINE('',#2519,#2520);
#2061=VERTEX_POINT('',#2522);
#2062=LINE('',#2523,#2524);
#2063=LINE('',#2526,#2527);
#2064=VERTEX_POINT('',#2529);
#2065=VERTEX_POINT('',#2530);
#2066=LINE('',#2531,#2532);
#2067=LINE('',#2534,#2535);
#2068=CIRCLE('',#2537,0.999999999999964);
#2069=VERTEX_POINT('',#2541);
#2070=LINE('',#2542,#2543);
#2071=VERTEX_POINT('',#2545);
#2072=LINE('',#2546,#2547);
#2073=LINE('',#2549,#2550);
#2074=CIRCLE('',#2552,1.);
#2075=LINE('',#2556,#2557);
#2076=VERTEX_POINT('',#2559);
#2077=VERTEX_POINT('',#2560);
#2078=CIRCLE('',#2561,1.);
#2079=VERTEX_POINT('',#2565);
#2080=LINE('',#2566,#2567);
#2081=VERTEX_POINT('',#2569);
#2082=LINE('',#2570,#2571);
#2083=VERTEX_POINT('',#2573);
#2084=LINE('',#2574,#2575);
#2085=VERTEX_POINT('',#2577);
#2086=CIRCLE('',#2578,1.);
#2087=LINE('',#2582,#2583);
#2088=VERTEX_POINT('',#2585);
#2089=VERTEX_POINT('',#2586);
#2090=LINE('',#2587,#2588);
#2091=VERTEX_POINT('',#2590);
#2092=CIRCLE('',#2591,2.);
#2093=VERTEX_POINT('',#2595);
#2094=CIRCLE('',#2596,2.);
#2095=VERTEX_POINT('',#2600);
#2096=LINE('',#2601,#2602);
#2097=VERTEX_POINT('',#2604);
#2098=CIRCLE('',#2605,2.);
#2099=CIRCLE('',#2609,2.);
#2100=VERTEX_POINT('',#2613);
#2101=VERTEX_POINT('',#2614);
#2102=CIRCLE('',#2615,1.0000000010889);
#2103=VERTEX_POINT('',#2619);
#2104=LINE('',#2620,#2621);
#2105=VERTEX_POINT('',#2623);
#2106=LINE('',#2624,#2625);
#2107=VERTEX_POINT('',#2627);
#2108=LINE('',#2628,#2629);
#2109=B_SPLINE_CURVE_WITH_KNOTS('',3,
(#2631,#2632,#2633,#2634,#2635,#2636,#2637,#2638,#2639,#2640,#2641,#2642,#2643,#2644,
#2645,#2646,#2647,#2648,#2649,#2650,#2651,#2652,#2653,#2654,#2655,#2656,#2657,#2658,
#2659),
.UNSPECIFIED.,.F.,.F.,
(4,1,1,1,1,1,1,1,1,1,1,1,1,1,1,1,1,1,1,1,1,1,1,1,1,1,4),
(0.,0.0216582347137936,0.0397243526716916,0.0628470854322059,0.0867213828468465,
0.11238682327273,0.14093159655234,0.17201898126528,0.23065082159825,0.233750728833535,
0.288724263322743,0.335550158819251,0.346803470358734,0.428409922593577,0.446333608993922,
0.535833296987844,0.535925498996461,0.626807579847293,0.645601387783306,0.71423187707484,
0.765062044676178,0.796958147033416,0.869796324731579,0.903036136674217,0.937461576857706,
0.988216666633095,1.),
.UNSPECIFIED.);
#2110=B_SPLINE_CURVE_WITH_KNOTS('',3,
(#2660,#2661,#2662,#2663,#2664,#2665,#2666,#2667),
.UNSPECIFIED.,.F.,.F.,
(4,1,1,1,1,4),
(0.,0.249788021394412,0.499940637800257,0.499964395459974,0.750124495357202,1.),
.UNSPECIFIED.);
#2111=VERTEX_POINT('',#2668);
#2112=LINE('',#2669,#2670);
#2113=VERTEX_POINT('',#2672);
#2114=LINE('',#2673,#2674);
#2115=LINE('',#2676,#2677);
#2116=VERTEX_POINT('',#2679);
#2117=VERTEX_POINT('',#2680);
#2118=CIRCLE('',#2681,1.);
#2119=B_SPLINE_CURVE_WITH_KNOTS('',3,
(#2685,#2686,#2687,#2688,#2689,#2690,#2691,#2692),
.UNSPECIFIED.,.F.,.F.,
(4,1,1,1,1,4),
(0.,0.249788021394412,0.499940637800242,0.499964395459961,0.75012449535719,1.),
.UNSPECIFIED.);
#2120=VERTEX_POINT('',#2693);
#2121=B_SPLINE_CURVE_WITH_KNOTS('',3,
(#2694,#2695,#2696,#2697,#2698,#2699,#2700,#2701,#2702,#2703,#2704,#2705,#2706,#2707,
#2708,#2709,#2710,#2711,#2712,#2713,#2714,#2715,#2716,#2717,#2718,#2719,#2720,#2721,
#2722),
.UNSPECIFIED.,.F.,.F.,
(4,1,1,1,1,1,1,1,1,1,1,1,1,1,1,1,1,1,1,1,1,1,1,1,1,1,4),
(0.,0.0216582347137947,0.0397243526716933,0.0628470854322086,0.0867213828468472,
0.112386823272731,0.140931596552334,0.172018981265275,0.230650821598246,0.233750728833526,
0.288724263322744,0.335550158819256,0.346803470358738,0.428409922593577,0.446333608993898,
0.535833296987837,0.535925498996456,0.626807579847277,0.645601387783108,0.714231877074828,
0.765062044676185,0.7969581470334,0.869796324731551,0.903036136674218,0.937461576857678,
0.988216666633097,1.),
.UNSPECIFIED.);
#2122=LINE('',#2723,#2724);
#2123=LINE('',#2726,#2727);
#2124=VERTEX_POINT('',#2729);
#2125=VERTEX_POINT('',#2730);
#2126=LINE('',#2731,#2732);
#2127=VERTEX_POINT('',#2734);
#2128=LINE('',#2735,#2736);
#2129=LINE('',#2738,#2739);
#2130=VERTEX_POINT('',#2741);
#2131=LINE('',#2742,#2743);
#2132=VERTEX_POINT('',#2745);
#2133=LINE('',#2746,#2747);
#2134=VERTEX_POINT('',#2749);
#2135=LINE('',#2750,#2751);
#2136=LINE('',#2753,#2754);
#2137=VERTEX_POINT('',#2756);
#2138=LINE('',#2757,#2758);
#2139=LINE('',#2760,#2761);
#2140=VERTEX_POINT('',#2763);
#2141=LINE('',#2764,#2765);
#2142=VERTEX_POINT('',#2767);
#2143=LINE('',#2768,#2769);
#2144=VERTEX_POINT('',#2771);
#2145=LINE('',#2772,#2773);
#2146=VERTEX_POINT('',#2775);
#2147=LINE('',#2776,#2777);
#2148=VERTEX_POINT('',#2779);
#2149=LINE('',#2780,#2781);
#2150=VERTEX_POINT('',#2783);
#2151=LINE('',#2784,#2785);
#2152=LINE('',#2787,#2788);
#2153=VERTEX_POINT('',#2790);
#2154=LINE('',#2791,#2792);
#2155=LINE('',#2794,#2795);
#2156=LINE('',#2797,#2798);
#2157=CIRCLE('',#2800,0.999999999999996);
#2158=VERTEX_POINT('',#2804);
#2159=LINE('',#2805,#2806);
#2160=VERTEX_POINT('',#2808);
#2161=LINE('',#2809,#2810);
#2162=VERTEX_POINT('',#2812);
#2163=LINE('',#2813,#2814);
#2164=CIRCLE('',#2816,1.);
#2165=VERTEX_POINT('',#2820);
#2166=LINE('',#2821,#2822);
#2167=VERTEX_POINT('',#2824);
#2168=LINE('',#2825,#2826);
#2169=VERTEX_POINT('',#2828);
#2170=CIRCLE('',#2829,0.999999999999988);
#2171=LINE('',#2833,#2834);
#2172=VERTEX_POINT('',#2836);
#2173=LINE('',#2837,#2838);
#2174=VERTEX_POINT('',#2840);
#2175=LINE('',#2841,#2842);
#2176=LINE('',#2844,#2845);
#2177=VERTEX_POINT('',#2847);
#2178=LINE('',#2848,#2849);
#2179=VERTEX_POINT('',#2851);
#2180=CIRCLE('',#2852,1.);
#2181=VERTEX_POINT('',#2856);
#2182=LINE('',#2857,#2858);
#2183=LINE('',#2860,#2861);
#2184=CIRCLE('',#2863,1.);
#2185=CIRCLE('',#2867,1.);
#2186=VERTEX_POINT('',#2871);
#2187=LINE('',#2872,#2873);
#2188=LINE('',#2875,#2876);
#2189=VERTEX_POINT('',#2878);
#2190=VERTEX_POINT('',#2879);
#2191=(BOUNDED_CURVE()B_SPLINE_CURVE(3,
(#2880,#2881,#2882,#2883),
.UNSPECIFIED.,.F.,.F.)B_SPLINE_CURVE_WITH_KNOTS((4,4),
(0.,1.),
.UNSPECIFIED.)CURVE()GEOMETRIC_REPRESENTATION_ITEM()RATIONAL_B_SPLINE_CURVE((1.,
0.911076914273183,0.911076914273183,1.))REPRESENTATION_ITEM(''));
#2192=(BOUNDED_CURVE()B_SPLINE_CURVE(3,
(#2884,#2885,#2886,#2887),
.UNSPECIFIED.,.F.,.F.)B_SPLINE_CURVE_WITH_KNOTS((4,4),
(0.,1.),
.UNSPECIFIED.)CURVE()GEOMETRIC_REPRESENTATION_ITEM()RATIONAL_B_SPLINE_CURVE((1.,
0.804737854124365,0.804737854124365,1.))REPRESENTATION_ITEM(''));
#2193=LINE('',#2888,#2889);
#2194=VERTEX_POINT('',#2891);
#2195=VERTEX_POINT('',#2892);
#2196=(BOUNDED_CURVE()B_SPLINE_CURVE(3,
(#2893,#2894,#2895,#2896),
.UNSPECIFIED.,.F.,.F.)B_SPLINE_CURVE_WITH_KNOTS((4,4),
(0.,1.),
.UNSPECIFIED.)CURVE()GEOMETRIC_REPRESENTATION_ITEM()RATIONAL_B_SPLINE_CURVE((1.,
0.911076914273182,0.911076914273182,1.))REPRESENTATION_ITEM(''));
#2197=LINE('',#2897,#2898);
#2198=(BOUNDED_CURVE()B_SPLINE_CURVE(3,
(#2900,#2901,#2902,#2903),
.UNSPECIFIED.,.F.,.F.)B_SPLINE_CURVE_WITH_KNOTS((4,4),
(0.,1.),
.UNSPECIFIED.)CURVE()GEOMETRIC_REPRESENTATION_ITEM()RATIONAL_B_SPLINE_CURVE((1.,
0.804737854124365,0.804737854124365,1.))REPRESENTATION_ITEM(''));
#2199=LINE('',#2904,#2905);
#2200=LINE('',#2907,#2908);
#2201=CIRCLE('',#2910,1.);
#2202=(BOUNDED_CURVE()B_SPLINE_CURVE(3,
(#2914,#2915,#2916,#2917),
.UNSPECIFIED.,.F.,.F.)B_SPLINE_CURVE_WITH_KNOTS((4,4),
(0.,1.),
.UNSPECIFIED.)CURVE()GEOMETRIC_REPRESENTATION_ITEM()RATIONAL_B_SPLINE_CURVE((1.,
0.804737854124365,0.804737854124365,1.))REPRESENTATION_ITEM(''));
#2203=(BOUNDED_CURVE()B_SPLINE_CURVE(3,
(#2918,#2919,#2920,#2921),
.UNSPECIFIED.,.F.,.F.)B_SPLINE_CURVE_WITH_KNOTS((4,4),
(0.,1.),
.UNSPECIFIED.)CURVE()GEOMETRIC_REPRESENTATION_ITEM()RATIONAL_B_SPLINE_CURVE((1.,
0.804737854124365,0.804737854124365,1.))REPRESENTATION_ITEM(''));
#2204=CIRCLE('',#2922,1.);
#2205=CIRCLE('',#2926,1.);
#2206=CIRCLE('',#2930,1.);
#2207=(BOUNDED_CURVE()B_SPLINE_CURVE(3,
(#2934,#2935,#2936,#2937),
.UNSPECIFIED.,.F.,.F.)B_SPLINE_CURVE_WITH_KNOTS((4,4),
(0.,1.),
.UNSPECIFIED.)CURVE()GEOMETRIC_REPRESENTATION_ITEM()RATIONAL_B_SPLINE_CURVE((1.,
0.804737854124365,0.804737854124365,1.))REPRESENTATION_ITEM(''));
#2208=(BOUNDED_CURVE()B_SPLINE_CURVE(3,
(#2938,#2939,#2940,#2941),
.UNSPECIFIED.,.F.,.F.)B_SPLINE_CURVE_WITH_KNOTS((4,4),
(0.,1.),
.UNSPECIFIED.)CURVE()GEOMETRIC_REPRESENTATION_ITEM()RATIONAL_B_SPLINE_CURVE((1.,
0.804737854124365,0.804737854124365,1.))REPRESENTATION_ITEM(''));
#2209=(BOUNDED_CURVE()B_SPLINE_CURVE(3,
(#2942,#2943,#2944,#2945),
.UNSPECIFIED.,.F.,.F.)B_SPLINE_CURVE_WITH_KNOTS((4,4),
(0.,1.),
.UNSPECIFIED.)CURVE()GEOMETRIC_REPRESENTATION_ITEM()RATIONAL_B_SPLINE_CURVE((1.,
0.804737854124365,0.804737854124365,1.))REPRESENTATION_ITEM(''));
#2210=(BOUNDED_CURVE()B_SPLINE_CURVE(3,
(#2946,#2947,#2948,#2949),
.UNSPECIFIED.,.F.,.F.)B_SPLINE_CURVE_WITH_KNOTS((4,4),
(0.,1.),
.UNSPECIFIED.)CURVE()GEOMETRIC_REPRESENTATION_ITEM()RATIONAL_B_SPLINE_CURVE((1.,
0.804737854124365,0.804737854124365,1.))REPRESENTATION_ITEM(''));
#2211=(BOUNDED_CURVE()B_SPLINE_CURVE(3,
(#2950,#2951,#2952,#2953),
.UNSPECIFIED.,.F.,.F.)B_SPLINE_CURVE_WITH_KNOTS((4,4),
(0.,1.),
.UNSPECIFIED.)CURVE()GEOMETRIC_REPRESENTATION_ITEM()RATIONAL_B_SPLINE_CURVE((1.,
0.804737854124365,0.804737854124365,1.))REPRESENTATION_ITEM(''));
#2212=(BOUNDED_CURVE()B_SPLINE_CURVE(3,
(#2954,#2955,#2956,#2957),
.UNSPECIFIED.,.F.,.F.)B_SPLINE_CURVE_WITH_KNOTS((4,4),
(0.,1.),
.UNSPECIFIED.)CURVE()GEOMETRIC_REPRESENTATION_ITEM()RATIONAL_B_SPLINE_CURVE((1.,
0.804737854124365,0.804737854124365,1.))REPRESENTATION_ITEM(''));
#2213=(BOUNDED_CURVE()B_SPLINE_CURVE(3,
(#2958,#2959,#2960,#2961),
.UNSPECIFIED.,.F.,.F.)B_SPLINE_CURVE_WITH_KNOTS((4,4),
(0.,1.),
.UNSPECIFIED.)CURVE()GEOMETRIC_REPRESENTATION_ITEM()RATIONAL_B_SPLINE_CURVE((1.,
0.804737854124365,0.804737854124365,1.))REPRESENTATION_ITEM(''));
#2214=(BOUNDED_CURVE()B_SPLINE_CURVE(3,
(#2962,#2963,#2964,#2965),
.UNSPECIFIED.,.F.,.F.)B_SPLINE_CURVE_WITH_KNOTS((4,4),
(0.,1.),
.UNSPECIFIED.)CURVE()GEOMETRIC_REPRESENTATION_ITEM()RATIONAL_B_SPLINE_CURVE((1.,
0.804737854124365,0.804737854124365,1.))REPRESENTATION_ITEM(''));
#2215=(BOUNDED_CURVE()B_SPLINE_CURVE(3,
(#2966,#2967,#2968,#2969),
.UNSPECIFIED.,.F.,.F.)B_SPLINE_CURVE_WITH_KNOTS((4,4),
(0.,1.),
.UNSPECIFIED.)CURVE()GEOMETRIC_REPRESENTATION_ITEM()RATIONAL_B_SPLINE_CURVE((1.,
0.804737854124365,0.804737854124365,1.))REPRESENTATION_ITEM(''));
#2216=(BOUNDED_CURVE()B_SPLINE_CURVE(3,
(#2970,#2971,#2972,#2973),
.UNSPECIFIED.,.F.,.F.)B_SPLINE_CURVE_WITH_KNOTS((4,4),
(0.,1.),
.UNSPECIFIED.)CURVE()GEOMETRIC_REPRESENTATION_ITEM()RATIONAL_B_SPLINE_CURVE((1.,
0.804737854124365,0.804737854124365,1.))REPRESENTATION_ITEM(''));
#2217=(BOUNDED_CURVE()B_SPLINE_CURVE(3,
(#2974,#2975,#2976,#2977),
.UNSPECIFIED.,.F.,.F.)B_SPLINE_CURVE_WITH_KNOTS((4,4),
(0.,1.),
.UNSPECIFIED.)CURVE()GEOMETRIC_REPRESENTATION_ITEM()RATIONAL_B_SPLINE_CURVE((1.,
0.804737854124365,0.804737854124365,1.))REPRESENTATION_ITEM(''));
#2218=(BOUNDED_CURVE()B_SPLINE_CURVE(3,
(#2978,#2979,#2980,#2981),
.UNSPECIFIED.,.F.,.F.)B_SPLINE_CURVE_WITH_KNOTS((4,4),
(0.,1.),
.UNSPECIFIED.)CURVE()GEOMETRIC_REPRESENTATION_ITEM()RATIONAL_B_SPLINE_CURVE((1.,
0.804737854124365,0.804737854124365,1.))REPRESENTATION_ITEM(''));
#2219=(BOUNDED_CURVE()B_SPLINE_CURVE(3,
(#2982,#2983,#2984,#2985),
.UNSPECIFIED.,.F.,.F.)B_SPLINE_CURVE_WITH_KNOTS((4,4),
(0.,1.),
.UNSPECIFIED.)CURVE()GEOMETRIC_REPRESENTATION_ITEM()RATIONAL_B_SPLINE_CURVE((1.,
0.804737854124365,0.804737854124365,1.))REPRESENTATION_ITEM(''));
#2220=(BOUNDED_CURVE()B_SPLINE_CURVE(3,
(#2986,#2987,#2988,#2989),
.UNSPECIFIED.,.F.,.F.)B_SPLINE_CURVE_WITH_KNOTS((4,4),
(0.,1.),
.UNSPECIFIED.)CURVE()GEOMETRIC_REPRESENTATION_ITEM()RATIONAL_B_SPLINE_CURVE((1.,
0.804737854124365,0.804737854124365,1.))REPRESENTATION_ITEM(''));
#2221=LINE('',#2990,#2991);
#2222=LINE('',#2993,#2994);
#2223=(BOUNDED_CURVE()B_SPLINE_CURVE(3,
(#2996,#2997,#2998,#2999),
.UNSPECIFIED.,.F.,.F.)B_SPLINE_CURVE_WITH_KNOTS((4,4),
(0.,1.),
.UNSPECIFIED.)CURVE()GEOMETRIC_REPRESENTATION_ITEM()RATIONAL_B_SPLINE_CURVE((1.,
0.804737854124365,0.804737854124365,1.))REPRESENTATION_ITEM(''));
#2224=(BOUNDED_CURVE()B_SPLINE_CURVE(3,
(#3000,#3001,#3002,#3003),
.UNSPECIFIED.,.F.,.F.)B_SPLINE_CURVE_WITH_KNOTS((4,4),
(0.,1.),
.UNSPECIFIED.)CURVE()GEOMETRIC_REPRESENTATION_ITEM()RATIONAL_B_SPLINE_CURVE((1.,
0.804737854124365,0.804737854124365,1.))REPRESENTATION_ITEM(''));
#2225=B_SPLINE_CURVE_WITH_KNOTS('',3,
(#3004,#3005,#3006,#3007,#3008,#3009,#3010,#3011,#3012,#3013),
.UNSPECIFIED.,.F.,.F.,
(4,1,1,1,1,1,1,4),
(0.,3.10563315602133E-5,0.191275485896609,0.37708217327494,0.566975032692585,0.734663130606641,
0.882189990441184,1.),
.UNSPECIFIED.);
#2226=B_SPLINE_CURVE_WITH_KNOTS('',3,
(#3014,#3015,#3016,#3017,#3018,#3019,#3020,#3021,#3022,#3023),
.UNSPECIFIED.,.F.,.F.,
(4,1,1,1,1,1,1,4),
(0.,3.10556068681079E-5,0.191277669945618,0.377088660276431,0.566985072948615,0.73467332573056,
0.882195882899519,1.),
.UNSPECIFIED.);
#2227=(BOUNDED_CURVE()B_SPLINE_CURVE(3,
(#3024,#3025,#3026,#3027),
.UNSPECIFIED.,.F.,.F.)B_SPLINE_CURVE_WITH_KNOTS((4,4),
(0.,1.),
.UNSPECIFIED.)CURVE()GEOMETRIC_REPRESENTATION_ITEM()RATIONAL_B_SPLINE_CURVE((1.,
0.804737854124365,0.804737854124365,1.))REPRESENTATION_ITEM(''));
#2228=(BOUNDED_CURVE()B_SPLINE_CURVE(3,
(#3028,#3029,#3030,#3031),
.UNSPECIFIED.,.F.,.F.)B_SPLINE_CURVE_WITH_KNOTS((4,4),
(0.,1.),
.UNSPECIFIED.)CURVE()GEOMETRIC_REPRESENTATION_ITEM()RATIONAL_B_SPLINE_CURVE((1.,
0.804737854124365,0.804737854124365,1.))REPRESENTATION_ITEM(''));
#2229=(BOUNDED_CURVE()B_SPLINE_CURVE(3,
(#3032,#3033,#3034,#3035),
.UNSPECIFIED.,.F.,.F.)B_SPLINE_CURVE_WITH_KNOTS((4,4),
(0.,1.),
.UNSPECIFIED.)CURVE()GEOMETRIC_REPRESENTATION_ITEM()RATIONAL_B_SPLINE_CURVE((1.,
0.804737854124365,0.804737854124365,1.))REPRESENTATION_ITEM(''));
#2230=(BOUNDED_CURVE()B_SPLINE_CURVE(3,
(#3036,#3037,#3038,#3039),
.UNSPECIFIED.,.F.,.F.)B_SPLINE_CURVE_WITH_KNOTS((4,4),
(0.,1.),
.UNSPECIFIED.)CURVE()GEOMETRIC_REPRESENTATION_ITEM()RATIONAL_B_SPLINE_CURVE((1.,
0.804737854124365,0.804737854124365,1.))REPRESENTATION_ITEM(''));
#2231=(BOUNDED_CURVE()B_SPLINE_CURVE(3,
(#3040,#3041,#3042,#3043),
.UNSPECIFIED.,.F.,.F.)B_SPLINE_CURVE_WITH_KNOTS((4,4),
(0.,1.),
.UNSPECIFIED.)CURVE()GEOMETRIC_REPRESENTATION_ITEM()RATIONAL_B_SPLINE_CURVE((1.,
0.804737854124365,0.804737854124365,1.))REPRESENTATION_ITEM(''));
#2232=(BOUNDED_CURVE()B_SPLINE_CURVE(3,
(#3044,#3045,#3046,#3047),
.UNSPECIFIED.,.F.,.F.)B_SPLINE_CURVE_WITH_KNOTS((4,4),
(0.,1.),
.UNSPECIFIED.)CURVE()GEOMETRIC_REPRESENTATION_ITEM()RATIONAL_B_SPLINE_CURVE((1.,
0.804737854124365,0.804737854124365,1.))REPRESENTATION_ITEM(''));
#2233=CARTESIAN_POINT('',(141.,13.0080240618274,1.99999999999997));
#2234=CARTESIAN_POINT('',(141.,28.0080240618274,1.99999999999997));
#2235=CARTESIAN_POINT('',(141.,13.0080240618274,1.99999999999997));
#2236=VECTOR('',#2237,1.);
#2237=DIRECTION('',(0.,1.,8.88178419700125E-17));
#2238=CARTESIAN_POINT('',(199.,28.0080240618274,1.99999999999996));
#2239=CARTESIAN_POINT('',(141.,28.0080240618274,1.99999999999997));
#2240=VECTOR('',#2241,1.);
#2241=DIRECTION('',(1.,0.,-1.76104341837094E-16));
#2242=CARTESIAN_POINT('',(199.,13.0080240618274,1.99999999999996));
#2243=CARTESIAN_POINT('',(199.,13.0080240618274,1.99999999999996));
#2244=VECTOR('',#2245,1.);
#2245=DIRECTION('',(0.,1.,5.9211894646675E-17));
#2246=CARTESIAN_POINT('',(141.,13.0080240618274,1.99999999999997));
#2247=VECTOR('',#2248,1.);
#2248=DIRECTION('',(1.,0.,-1.8376105235175E-16));
#2249=CARTESIAN_POINT('',(162.,26.5080240618274,1.99999999999997));
#2250=CARTESIAN_POINT('',(162.,14.5080240618274,1.99999999999997));
#2251=CARTESIAN_POINT('',(162.,26.5080240618274,1.99999999999997));
#2252=VECTOR('',#2253,1.);
#2253=DIRECTION('',(0.,-1.,-5.55111512312578E-17));
#2254=CARTESIAN_POINT('',(158.,26.5080240618274,1.99999999999997));
#2255=CARTESIAN_POINT('',(158.,26.5080240618274,1.99999999999997));
#2256=VECTOR('',#2257,1.);
#2257=DIRECTION('',(1.,1.77635683940025E-15,-1.11022302462516E-16));
#2258=CARTESIAN_POINT('',(158.,14.5080240618274,1.99999999999997));
#2259=CARTESIAN_POINT('',(158.,14.5080240618274,1.99999999999997));
#2260=VECTOR('',#2261,1.);
#2261=DIRECTION('',(0.,1.,5.55111512312578E-17));
#2262=CARTESIAN_POINT('',(162.,14.5080240618274,1.99999999999997));
#2263=VECTOR('',#2264,1.);
#2264=DIRECTION('',(-1.,0.,1.66533453693773E-16));
#2265=CARTESIAN_POINT('',(164.,14.5080240618274,1.99999999999997));
#2266=CARTESIAN_POINT('',(164.,26.5080240618274,1.99999999999997));
#2267=CARTESIAN_POINT('',(164.,14.5080240618274,1.99999999999997));
#2268=VECTOR('',#2269,1.);
#2269=DIRECTION('',(0.,1.,3.70074341541719E-17));
#2270=CARTESIAN_POINT('',(168.,14.5080240618274,1.99999999999997));
#2271=CARTESIAN_POINT('',(168.,14.5080240618274,1.99999999999997));
#2272=VECTOR('',#2273,1.);
#2273=DIRECTION('',(-1.,0.,2.22044604925031E-16));
#2274=CARTESIAN_POINT('',(168.,26.5080240618274,1.99999999999997));
#2275=CARTESIAN_POINT('',(168.,26.5080240618274,1.99999999999997));
#2276=VECTOR('',#2277,1.);
#2277=DIRECTION('',(0.,-1.,-5.55111512312578E-17));
#2278=CARTESIAN_POINT('',(164.,26.5080240618274,1.99999999999997));
#2279=VECTOR('',#2280,1.);
#2280=DIRECTION('',(1.,0.,-2.22044604925031E-16));
#2281=CARTESIAN_POINT('',(186.,14.508024061828,1.99999999999997));
#2282=CARTESIAN_POINT('',(182.,14.5080240618273,1.99999999999997));
#2283=CARTESIAN_POINT('',(186.,14.508024061828,1.99999999999997));
#2284=VECTOR('',#2285,1.);
#2285=DIRECTION('',(-1.,-1.91846538655227E-13,2.22044604925031E-16));
#2286=CARTESIAN_POINT('',(186.,26.5080240618274,1.99999999999997));
#2287=CARTESIAN_POINT('',(186.,26.5080240618274,1.99999999999997));
#2288=VECTOR('',#2289,1.);
#2289=DIRECTION('',(0.,-1.,-7.40148683083473E-17));
#2290=CARTESIAN_POINT('',(182.,26.5080240618274,1.99999999999997));
#2291=CARTESIAN_POINT('',(182.,26.5080240618274,1.99999999999997));
#2292=VECTOR('',#2293,1.);
#2293=DIRECTION('',(1.,0.,-2.22044604925031E-16));
#2294=CARTESIAN_POINT('',(182.,14.5080240618273,1.99999999999997));
#2295=VECTOR('',#2296,1.);
#2296=DIRECTION('',(0.,1.,3.70074341541713E-17));
#2297=CARTESIAN_POINT('',(176.,26.5080240618274,1.99999999999997));
#2298=CARTESIAN_POINT('',(180.,26.5080240618274,1.99999999999997));
#2299=CARTESIAN_POINT('',(176.,26.5080240618274,1.99999999999997));
#2300=VECTOR('',#2301,1.);
#2301=DIRECTION('',(1.,1.77635683940026E-15,-2.22044604925033E-16));
#2302=CARTESIAN_POINT('',(176.,14.5080240618274,1.99999999999997));
#2303=CARTESIAN_POINT('',(176.,14.5080240618274,1.99999999999997));
#2304=VECTOR('',#2305,1.);
#2305=DIRECTION('',(2.368475785867E-15,1.,5.55111512312578E-17));
#2306=CARTESIAN_POINT('',(180.,14.5080240618274,1.99999999999997));
#2307=CARTESIAN_POINT('',(180.,14.5080240618274,1.99999999999997));
#2308=VECTOR('',#2309,1.);
#2309=DIRECTION('',(-1.,0.,1.66533453693773E-16));
#2310=CARTESIAN_POINT('',(180.,26.5080240618274,1.99999999999997));
#2311=VECTOR('',#2312,1.);
#2312=DIRECTION('',(0.,-1.,-5.55111512312578E-17));
#2313=CARTESIAN_POINT('',(170.,14.5080240618274,1.99999999999997));
#2314=CARTESIAN_POINT('',(170.,26.5080240618274,1.99999999999997));
#2315=CARTESIAN_POINT('',(170.,14.5080240618274,1.99999999999997));
#2316=VECTOR('',#2317,1.);
#2317=DIRECTION('',(0.,1.,7.40148683083438E-17));
#2318=CARTESIAN_POINT('',(174.,14.5080240618274,1.99999999999997));
#2319=CARTESIAN_POINT('',(174.,14.5080240618274,1.99999999999997));
#2320=VECTOR('',#2321,1.);
#2321=DIRECTION('',(-1.,-4.44089209850063E-16,1.66533453693773E-16));
#2322=CARTESIAN_POINT('',(174.,26.5080240618274,1.99999999999997));
#2323=CARTESIAN_POINT('',(174.,26.5080240618274,1.99999999999997));
#2324=VECTOR('',#2325,1.);
#2325=DIRECTION('',(0.,-1.,-7.40148683083438E-17));
#2326=CARTESIAN_POINT('',(170.,26.5080240618274,1.99999999999997));
#2327=VECTOR('',#2328,1.);
#2328=DIRECTION('',(1.,0.,-1.11022302462516E-16));
#2329=CARTESIAN_POINT('',(177.000000000153,25.5080240618274,0.999999999999968));
#2330=CARTESIAN_POINT('',(179.,25.5080240618274,0.999999999999967));
#2331=CARTESIAN_POINT('',(177.000000000612,25.5080240618274,0.999999999999968));
#2332=VECTOR('',#2333,1.);
#2333=DIRECTION('',(1.,0.,-1.665334537447E-16));
#2334=CARTESIAN_POINT('',(179.,25.5080240618274,-3.23361246708343E-14));
#2335=CARTESIAN_POINT('',(179.,25.5080240618274,0.999999999999967));
#2336=VECTOR('',#2337,1.);
#2337=DIRECTION('',(0.,0.,-1.));
#2338=CARTESIAN_POINT('',(177.,25.5080240618274,-3.2484154407451E-14));
#2339=AXIS2_PLACEMENT_3D('',#2340,#2341,#2342);
#2340=CARTESIAN_POINT('',(178.,25.5080240618274,-3.33066907387547E-14));
#2341=DIRECTION('',(0.,1.,0.));
#2342=DIRECTION('',(1.,0.,-1.11022302462516E-16));
#2343=CARTESIAN_POINT('',(177.,25.5080240618274,0.999999999999968));
#2344=VECTOR('',#2345,1.);
#2345=DIRECTION('',(0.,0.,-1.));
#2346=CARTESIAN_POINT('',(177.,15.5080240618274,-3.31338404737131E-14));
#2347=CARTESIAN_POINT('',(177.,15.5080240618274,-3.31584376436549E-14));
#2348=VECTOR('',#2349,1.);
#2349=DIRECTION('',(0.,1.,6.41462192005639E-17));
#2350=CARTESIAN_POINT('',(177.000000000153,15.5080240618274,0.999999999999967));
#2351=CARTESIAN_POINT('',(177.,15.5080240618274,0.999999999999967));
#2352=VECTOR('',#2353,1.);
#2353=DIRECTION('',(0.,0.,-1.));
#2354=CARTESIAN_POINT('',(177.,15.5080240618274,0.999999999999968));
#2355=VECTOR('',#2356,1.);
#2356=DIRECTION('',(0.,1.,6.66133814775094E-17));
#2357=CARTESIAN_POINT('',(178.999999999847,15.5080240618274,0.999999999999967));
#2358=CARTESIAN_POINT('',(178.999999999388,15.5080240618274,0.999999999999967));
#2359=VECTOR('',#2360,1.);
#2360=DIRECTION('',(-1.,0.,1.11022302530418E-16));
#2361=CARTESIAN_POINT('',(179.,15.5080240618274,-3.30598256054048E-14));
#2362=AXIS2_PLACEMENT_3D('',#2363,#2364,#2365);
#2363=CARTESIAN_POINT('',(178.,15.5080240618274,-3.33066907387547E-14));
#2364=DIRECTION('',(0.,-1.,0.));
#2365=DIRECTION('',(-1.,0.,1.11022302462516E-16));
#2366=CARTESIAN_POINT('',(179.,15.5080240618274,0.999999999999967));
#2367=VECTOR('',#2368,1.);
#2368=DIRECTION('',(0.,0.,-1.));
#2369=CARTESIAN_POINT('',(179.,25.5080240618274,-3.21839085442617E-14));
#2370=VECTOR('',#2371,1.);
#2371=DIRECTION('',(0.,-1.,-6.41462192005639E-17));
#2372=CARTESIAN_POINT('',(179.,25.5080240618274,0.999999999999967));
#2373=VECTOR('',#2374,1.);
#2374=DIRECTION('',(0.,-1.,-6.66133814775094E-17));
#2375=CARTESIAN_POINT('',(173.,15.5080240618274,-3.19866100149338E-14));
#2376=CARTESIAN_POINT('',(171.,15.5080240618274,-3.20811845688834E-14));
#2377=AXIS2_PLACEMENT_3D('',#2378,#2379,#2380);
#2378=CARTESIAN_POINT('',(172.,15.5080240618274,-3.10862446895044E-14));
#2379=DIRECTION('',(0.,-1.,0.));
#2380=DIRECTION('',(-1.,0.,1.11022302462516E-16));
#2381=CARTESIAN_POINT('',(172.999999999847,15.5080240618274,0.999999999999968));
#2382=CARTESIAN_POINT('',(173.,15.5080240618274,0.999999999999968));
#2383=VECTOR('',#2384,1.);
#2384=DIRECTION('',(0.,0.,-1.));
#2385=CARTESIAN_POINT('',(171.,15.5080240619803,0.999999999999968));
#2386=CARTESIAN_POINT('',(172.999999999388,15.5080240618274,0.999999999999968));
#2387=VECTOR('',#2388,1.);
#2388=DIRECTION('',(-1.,0.,2.2204460499293E-16));
#2389=CARTESIAN_POINT('',(171.,15.5080240618274,0.999999999999968));
#2390=VECTOR('',#2391,1.);
#2391=DIRECTION('',(0.,0.,-1.));
#2392=CARTESIAN_POINT('',(173.,25.5080240618274,-3.12629090803633E-14));
#2393=CARTESIAN_POINT('',(173.,25.5080240618274,-3.1098357142406E-14));
#2394=VECTOR('',#2395,1.);
#2395=DIRECTION('',(2.8421709430404E-15,-1.,-7.0314124892927E-17));
#2396=CARTESIAN_POINT('',(172.999999999905,25.5080240618274,0.999999999999968));
#2397=CARTESIAN_POINT('',(173.,25.5080240618274,0.999999999999968));
#2398=VECTOR('',#2399,1.);
#2399=DIRECTION('',(0.,0.,-1.));
#2400=CARTESIAN_POINT('',(173.,25.5080240618274,0.999999999999968));
#2401=VECTOR('',#2402,1.);
#2402=DIRECTION('',(0.,-1.,-4.44089209850063E-17));
#2403=CARTESIAN_POINT('',(171.,25.5080240616745,0.999999999999969));
#2404=CARTESIAN_POINT('',(171.,25.5080240618274,-3.1427386565493E-14));
#2405=CARTESIAN_POINT('',(171.,25.5080240618274,0.999999999999969));
#2406=VECTOR('',#2407,1.);
#2407=DIRECTION('',(0.,0.,-1.));
#2408=CARTESIAN_POINT('',(171.,25.5080240618274,0.999999999999969));
#2409=VECTOR('',#2410,1.);
#2410=DIRECTION('',(1.,0.,-1.6653345372555E-16));
#2411=AXIS2_PLACEMENT_3D('',#2412,#2413,#2414);
#2412=CARTESIAN_POINT('',(172.,25.5080240618274,-3.10862446895044E-14));
#2413=DIRECTION('',(0.,1.,0.));
#2414=DIRECTION('',(1.,0.,-1.11022302462513E-16));
#2415=CARTESIAN_POINT('',(171.,15.508024062439,0.999999999999968));
#2416=VECTOR('',#2417,1.);
#2417=DIRECTION('',(0.,1.,7.7715611733267E-17));
#2418=CARTESIAN_POINT('',(171.,15.5080240618274,-3.21345652987228E-14));
#2419=VECTOR('',#2420,1.);
#2420=DIRECTION('',(-2.8421709430404E-15,1.,7.0314124892927E-17));
#2421=CARTESIAN_POINT('',(183.,25.5080240618274,-3.34257880098183E-14));
#2422=CARTESIAN_POINT('',(185.,25.5080240618274,-3.36478326147433E-14));
#2423=AXIS2_PLACEMENT_3D('',#2424,#2425,#2426);
#2424=CARTESIAN_POINT('',(184.,25.5080240618274,-3.46389583683049E-14));
#2425=DIRECTION('',(0.,1.,0.));
#2426=DIRECTION('',(1.,0.,-2.22044604925031E-16));
#2427=CARTESIAN_POINT('',(183.,25.5080240618274,0.999999999999967));
#2428=CARTESIAN_POINT('',(183.,25.5080240618274,0.999999999999967));
#2429=VECTOR('',#2430,1.);
#2430=DIRECTION('',(0.,0.,-1.));
#2431=CARTESIAN_POINT('',(185.,25.5080240618274,0.999999999999966));
#2432=CARTESIAN_POINT('',(183.,25.5080240618274,0.999999999999967));
#2433=VECTOR('',#2434,1.);
#2434=DIRECTION('',(1.,0.,-2.22044604925031E-16));
#2435=CARTESIAN_POINT('',(185.,25.5080240618274,0.999999999999966));
#2436=VECTOR('',#2437,1.);
#2437=DIRECTION('',(0.,0.,-1.));
#2438=CARTESIAN_POINT('',(183.,15.5080240618274,-3.41906083156712E-14));
#2439=CARTESIAN_POINT('',(183.,15.5080240618276,-3.42439890455106E-14));
#2440=VECTOR('',#2441,1.);
#2441=DIRECTION('',(0.,1.,7.03141248929276E-17));
#2442=CARTESIAN_POINT('',(183.000000000153,15.5080240618274,0.999999999999966));
#2443=CARTESIAN_POINT('',(183.,15.5080240618274,0.999999999999966));
#2444=VECTOR('',#2445,1.);
#2445=DIRECTION('',(0.,0.,-1.));
#2446=CARTESIAN_POINT('',(183.,15.5080240618274,0.999999999999966));
#2447=VECTOR('',#2448,1.);
#2448=DIRECTION('',(0.,1.,5.55111512312578E-17));
#2449=CARTESIAN_POINT('',(184.999999999847,15.5080240618278,0.999999999999966));
#2450=CARTESIAN_POINT('',(184.999999999388,15.5080240618278,0.999999999999966));
#2451=VECTOR('',#2452,1.);
#2452=DIRECTION('',(-1.,-1.91846538772483E-13,2.22044605060744E-16));
#2453=CARTESIAN_POINT('',(185.,15.5080240618278,-3.41906083156712E-14));
#2454=AXIS2_PLACEMENT_3D('',#2455,#2456,#2457);
#2455=CARTESIAN_POINT('',(183.999999999999,15.5080240618276,-3.44169137633799E-14));
#2456=DIRECTION('',(1.91846538655227E-13,-1.,0.));
#2457=DIRECTION('',(-1.,-1.91846538655227E-13,2.22044604925031E-16));
#2458=CARTESIAN_POINT('',(185.,15.5080240618278,0.999999999999966));
#2459=VECTOR('',#2460,1.);
#2460=DIRECTION('',(0.,0.,-1.));
#2461=CARTESIAN_POINT('',(185.,25.5080240618274,-3.32077808891938E-14));
#2462=VECTOR('',#2463,1.);
#2463=DIRECTION('',(0.,-1.,-7.03141248929284E-17));
#2464=CARTESIAN_POINT('',(185.,25.5080240618274,0.999999999999966));
#2465=VECTOR('',#2466,1.);
#2466=DIRECTION('',(0.,-1.,-5.551115123126E-17));
#2467=CARTESIAN_POINT('',(165.,25.5080240618274,-3.03171635408678E-14));
#2468=CARTESIAN_POINT('',(167.,25.5080240618274,-3.0337723226509E-14));
#2469=AXIS2_PLACEMENT_3D('',#2470,#2471,#2472);
#2470=CARTESIAN_POINT('',(166.,25.5080240618274,-3.10862446895044E-14));
#2471=DIRECTION('',(0.,1.,0.));
#2472=DIRECTION('',(1.,0.,-1.11022302462516E-16));
#2473=CARTESIAN_POINT('',(165.,25.5080240616745,0.99999999999997));
#2474=CARTESIAN_POINT('',(165.,25.5080240618274,0.99999999999997));
#2475=VECTOR('',#2476,1.);
#2476=DIRECTION('',(0.,0.,-1.));
#2477=CARTESIAN_POINT('',(167.,25.5080240616745,0.999999999999969));
#2478=CARTESIAN_POINT('',(165.,25.5080240618274,0.99999999999997));
#2479=VECTOR('',#2480,1.);
#2480=DIRECTION('',(1.,0.,-1.66533453693773E-16));
#2481=CARTESIAN_POINT('',(167.,25.5080240618274,0.99999999999997));
#2482=VECTOR('',#2483,1.);
#2483=DIRECTION('',(0.,0.,-1.));
#2484=CARTESIAN_POINT('',(165.,15.5080240619803,0.999999999999969));
#2485=CARTESIAN_POINT('',(165.,15.508024062439,0.999999999999969));
#2486=VECTOR('',#2487,1.);
#2487=DIRECTION('',(0.,1.,5.55111512380478E-17));
#2488=CARTESIAN_POINT('',(165.,15.5080240618274,-3.05268723344081E-14));
#2489=CARTESIAN_POINT('',(165.,15.5080240618274,-3.09935027456358E-14));
#2490=VECTOR('',#2491,1.);
#2491=DIRECTION('',(0.,1.,6.41462192005639E-17));
#2492=CARTESIAN_POINT('',(165.,15.5080240618274,0.99999999999997));
#2493=VECTOR('',#2494,1.);
#2494=DIRECTION('',(0.,1.77635683940025E-15,-1.));
#2495=CARTESIAN_POINT('',(167.,15.5080240622905,0.999999999999969));
#2496=CARTESIAN_POINT('',(167.,15.5080240618274,-3.10244167269253E-14));
#2497=CARTESIAN_POINT('',(167.,15.5080240618274,0.999999999999969));
#2498=VECTOR('',#2499,1.);
#2499=DIRECTION('',(0.,0.,-1.));
#2500=CARTESIAN_POINT('',(167.,15.5080240618274,0.999999999999969));
#2501=VECTOR('',#2502,1.);
#2502=DIRECTION('',(-1.,0.,1.66533453693773E-16));
#2503=AXIS2_PLACEMENT_3D('',#2504,#2505,#2506);
#2504=CARTESIAN_POINT('',(166.,15.5080240618274,-2.88657986402541E-14));
#2505=DIRECTION('',(-6.57384087684176E-32,-1.,-5.9211894646675E-16));
#2506=DIRECTION('',(-1.,1.87204716718388E-45,1.11022302462513E-16));
#2507=CARTESIAN_POINT('',(167.,25.5080240612158,0.999999999999969));
#2508=VECTOR('',#2509,1.);
#2509=DIRECTION('',(0.,-1.,-6.66133814939211E-17));
#2510=CARTESIAN_POINT('',(167.,25.5080240618274,-3.03520405536302E-14));
#2511=VECTOR('',#2512,1.);
#2512=DIRECTION('',(0.,-1.,-6.41462192005639E-17));
#2513=CARTESIAN_POINT('',(161.,25.5080240615824,0.99999999999997));
#2514=CARTESIAN_POINT('',(161.,15.5080240618274,0.99999999999997));
#2515=CARTESIAN_POINT('',(161.,25.5080240608473,0.999999999999971));
#2516=VECTOR('',#2517,1.);
#2517=DIRECTION('',(0.,-1.,-6.66133814840386E-17));
#2518=CARTESIAN_POINT('',(161.,15.5080240618274,-2.99717608220956E-14));
#2519=CARTESIAN_POINT('',(161.,15.5080240618274,0.99999999999997));
#2520=VECTOR('',#2521,1.);
#2521=DIRECTION('',(0.,0.,-1.));
#2522=CARTESIAN_POINT('',(161.,25.5080240618274,-3.01691338042512E-14));
#2523=CARTESIAN_POINT('',(161.,25.5080240618274,-2.9241817529005E-14));
#2524=VECTOR('',#2525,1.);
#2525=DIRECTION('',(2.8421709430404E-15,-1.,-6.41462192005645E-17));
#2526=CARTESIAN_POINT('',(161.,25.5080240618274,0.99999999999997));
#2527=VECTOR('',#2528,1.);
#2528=DIRECTION('',(0.,0.,-1.));
#2529=CARTESIAN_POINT('',(159.,25.5080240618274,0.999999999999971));
#2530=CARTESIAN_POINT('',(159.,25.5080240618274,-2.95235596751173E-14));
#2531=CARTESIAN_POINT('',(159.,25.5080240618274,0.99999999999997));
#2532=VECTOR('',#2533,1.);
#2533=DIRECTION('',(0.,0.,-1.));
#2534=CARTESIAN_POINT('',(159.,25.5080240618274,0.99999999999997));
#2535=VECTOR('',#2536,1.);
#2536=DIRECTION('',(1.,1.77635683940025E-15,-1.11022302462516E-16));
#2537=AXIS2_PLACEMENT_3D('',#2538,#2539,#2540);
#2538=CARTESIAN_POINT('',(160.,25.5080240618274,-3.35287353436797E-14));
#2539=DIRECTION('',(-1.77635683940025E-15,1.,1.1842378929335E-15));
#2540=DIRECTION('',(1.,1.77635683940025E-15,-1.1102230246251E-16));
#2541=CARTESIAN_POINT('',(159.,15.5080240618274,-2.9877186268146E-14));
#2542=CARTESIAN_POINT('',(159.,15.5080240618274,-2.98832797210107E-14));
#2543=VECTOR('',#2544,1.);
#2544=DIRECTION('',(-2.8421709430404E-15,1.,5.30439889543129E-17));
#2545=CARTESIAN_POINT('',(159.,15.5080240618274,0.999999999999971));
#2546=CARTESIAN_POINT('',(159.,15.5080240618274,0.99999999999997));
#2547=VECTOR('',#2548,1.);
#2548=DIRECTION('',(0.,0.,-1.));
#2549=CARTESIAN_POINT('',(159.,15.5080240618274,0.99999999999997));
#2550=VECTOR('',#2551,1.);
#2551=DIRECTION('',(0.,1.,7.7715611723761E-17));
#2552=AXIS2_PLACEMENT_3D('',#2553,#2554,#2555);
#2553=CARTESIAN_POINT('',(160.,15.5080240618274,-2.90878432451791E-14));
#2554=DIRECTION('',(0.,-1.,0.));
#2555=DIRECTION('',(-1.,0.,1.11022302462516E-16));
#2556=CARTESIAN_POINT('',(161.,15.5080240618274,0.99999999999997));
#2557=VECTOR('',#2558,1.);
#2558=DIRECTION('',(-1.,0.,1.66533453693773E-16));
#2559=CARTESIAN_POINT('',(140.,30.5080240618274,0.999999999999971));
#2560=CARTESIAN_POINT('',(140.,31.5080240618274,-2.9301428949396E-14));
#2561=AXIS2_PLACEMENT_3D('',#2562,#2563,#2564);
#2562=CARTESIAN_POINT('',(140.,31.5080240618274,0.99999999999997));
#2563=DIRECTION('',(-1.,0.,1.83697019872103E-16));
#2564=DIRECTION('',(-1.83697019872103E-16,7.105427357601E-15,-1.));
#2565=CARTESIAN_POINT('',(140.,30.5080240618274,8.99999999999996));
#2566=CARTESIAN_POINT('',(140.,30.5080240618274,0.999999999999971));
#2567=VECTOR('',#2568,1.);
#2568=DIRECTION('',(0.,4.44089209850063E-16,1.));
#2569=CARTESIAN_POINT('',(140.,10.5080240618274,8.99999999999996));
#2570=CARTESIAN_POINT('',(140.,10.5080240618274,8.99999999999996));
#2571=VECTOR('',#2572,1.);
#2572=DIRECTION('',(0.,1.,8.88178419700125E-17));
#2573=CARTESIAN_POINT('',(140.,10.5080240618274,0.999999999999976));
#2574=CARTESIAN_POINT('',(140.,10.5080240618274,8.99999999999996));
#2575=VECTOR('',#2576,1.);
#2576=DIRECTION('',(0.,0.,-1.));
#2577=CARTESIAN_POINT('',(140.,9.50802406182744,-2.60921281564344E-14));
#2578=AXIS2_PLACEMENT_3D('',#2579,#2580,#2581);
#2579=CARTESIAN_POINT('',(140.,9.50802406182744,0.999999999999974));
#2580=DIRECTION('',(-1.,0.,1.83697019872103E-16));
#2581=DIRECTION('',(0.,1.,0.));
#2582=CARTESIAN_POINT('',(140.,31.5080240618274,-2.9246129276408E-14));
#2583=VECTOR('',#2584,1.);
#2584=DIRECTION('',(0.,-1.,1.11988821875646E-16));
#2585=CARTESIAN_POINT('',(140.,28.0080240618274,4.99999999999998));
#2586=CARTESIAN_POINT('',(140.,13.0080240618274,4.99999999999997));
#2587=CARTESIAN_POINT('',(140.,28.0080240618274,4.99999999999997));
#2588=VECTOR('',#2589,1.);
#2589=DIRECTION('',(0.,-1.,-5.9211894646675E-17));
#2590=CARTESIAN_POINT('',(140.,29.0080240618274,4.73205080756885));
#2591=AXIS2_PLACEMENT_3D('',#2592,#2593,#2594);
#2592=CARTESIAN_POINT('',(140.,28.0080240618274,2.99999999999997));
#2593=DIRECTION('',(-1.,0.,1.83697019872103E-16));
#2594=DIRECTION('',(1.83697019872103E-16,0.,1.));
#2595=CARTESIAN_POINT('',(140.,28.0080240618274,0.999999999999974));
#2596=AXIS2_PLACEMENT_3D('',#2597,#2598,#2599);
#2597=CARTESIAN_POINT('',(140.,28.0080240618274,2.99999999999997));
#2598=DIRECTION('',(-1.,0.,1.83697019872103E-16));
#2599=DIRECTION('',(1.59086285808736E-16,0.499999999999998,0.86602540378444));
#2600=CARTESIAN_POINT('',(140.,13.0080240618274,0.999999999999974));
#2601=CARTESIAN_POINT('',(140.,13.0080240618274,0.999999999999973));
#2602=VECTOR('',#2603,1.);
#2603=DIRECTION('',(0.,1.,8.14163551391781E-17));
#2604=CARTESIAN_POINT('',(140.,12.0080240618274,4.73205080756885));
#2605=AXIS2_PLACEMENT_3D('',#2606,#2607,#2608);
#2606=CARTESIAN_POINT('',(140.,13.0080240618274,2.99999999999997));
#2607=DIRECTION('',(-1.,0.,1.83697019872103E-16));
#2608=DIRECTION('',(-1.83697019872103E-16,-1.77635683940025E-15,-1.));
#2609=AXIS2_PLACEMENT_3D('',#2610,#2611,#2612);
#2610=CARTESIAN_POINT('',(140.,13.0080240618274,2.99999999999997));
#2611=DIRECTION('',(-1.,0.,1.83697019872103E-16));
#2612=DIRECTION('',(1.59086285808736E-16,-0.5,0.866025403784439));
#2613=CARTESIAN_POINT('',(141.,29.0080240618277,3.99999999981849));
#2614=CARTESIAN_POINT('',(140.007843258008,29.0080240618274,4.87499999691474));
#2615=AXIS2_PLACEMENT_3D('',#2616,#2617,#2618);
#2616=CARTESIAN_POINT('',(141.,29.0080240618274,4.99999999999998));
#2617=DIRECTION('',(0.,-1.,0.));
#2618=DIRECTION('',(-0.992156741083317,0.,-0.125000004491727));
#2619=CARTESIAN_POINT('',(200.,29.0080240618274,3.99999999999996));
#2620=CARTESIAN_POINT('',(141.,29.0080240618274,3.99999999999997));
#2621=VECTOR('',#2622,1.);
#2622=DIRECTION('',(1.,0.,-1.80646458244093E-16));
#2623=CARTESIAN_POINT('',(200.,29.0080240618274,2.99999999999996));
#2624=CARTESIAN_POINT('',(200.,29.0080240618274,2.99999999999996));
#2625=VECTOR('',#2626,1.);
#2626=DIRECTION('',(0.,0.,1.));
#2627=CARTESIAN_POINT('',(141.,29.0080240618274,2.99999999999997));
#2628=CARTESIAN_POINT('',(141.,29.0080240618274,2.99999999999997));
#2629=VECTOR('',#2630,1.);
#2630=DIRECTION('',(1.,0.,-1.80646458244093E-16));
#2631=CARTESIAN_POINT('',(140.,29.0080240618274,4.73205080756885));
#2632=CARTESIAN_POINT('',(140.000000036436,29.0080240618274,4.71718509212761));
#2633=CARTESIAN_POINT('',(140.000455953078,29.0080240618274,4.68993587538965));
#2634=CARTESIAN_POINT('',(140.002470482026,29.0080240618274,4.64689922048048));
#2635=CARTESIAN_POINT('',(140.005917596152,29.0080240618275,4.60244809368491));
#2636=CARTESIAN_POINT('',(140.011459923295,29.0080240618274,4.55296939313101));
#2637=CARTESIAN_POINT('',(140.019284236178,29.0080240618274,4.50002312507805));
#2638=CARTESIAN_POINT('',(140.029996411251,29.0080240618274,4.44253127481363));
#2639=CARTESIAN_POINT('',(140.048025191706,29.0080240618274,4.36347474112289));
#2640=CARTESIAN_POINT('',(140.065767993079,29.0080240618275,4.30231432374653));
#2641=CARTESIAN_POINT('',(140.090908355867,29.0080240618274,4.22636202310201));
#2642=CARTESIAN_POINT('',(140.115885363228,29.0080240618274,4.15890113789746));
#2643=CARTESIAN_POINT('',(140.146896102893,29.0080240618274,4.08786069866478));
#2644=CARTESIAN_POINT('',(140.187843094065,29.0080240618274,4.00133515374932));
#2645=CARTESIAN_POINT('',(140.223584916696,29.0080240618274,3.93429908991447));
#2646=CARTESIAN_POINT('',(140.289621606538,29.0080240618276,3.82282258011554));
#2647=CARTESIAN_POINT('',(140.330154887973,29.0080240618261,3.76120130463318));
#2648=CARTESIAN_POINT('',(140.401493809525,29.0080240618288,3.6601573524263));
#2649=CARTESIAN_POINT('',(140.446918997716,29.0080240618273,3.60017617616238));
#2650=CARTESIAN_POINT('',(140.523815311433,29.0080240618275,3.5052003842141));
#2651=CARTESIAN_POINT('',(140.585247202986,29.0080240618276,3.43302234153002));
#2652=CARTESIAN_POINT('',(140.654581972441,29.0080240618272,3.35588743862894));
#2653=CARTESIAN_POINT('',(140.727056065355,29.0080240618284,3.27771517025305));
#2654=CARTESIAN_POINT('',(140.792507277803,29.0080240618207,3.20946171845868));
#2655=CARTESIAN_POINT('',(140.859930374743,29.008024061838,3.14067581702988));
#2656=CARTESIAN_POINT('',(140.917054071303,29.0080240617773,3.0830006662885));
#2657=CARTESIAN_POINT('',(140.964010053009,29.0080240620188,3.03598994331212));
#2658=CARTESIAN_POINT('',(140.994294595149,29.0080240618684,3.00570540785075));
#2659=CARTESIAN_POINT('',(141.,29.0080240618274,2.99999999999997));
#2660=CARTESIAN_POINT('',(140.007843257836,29.0080240618274,4.87499999537214));
#2661=CARTESIAN_POINT('',(140.006524337066,29.0080240618397,4.86313447426029));
#2662=CARTESIAN_POINT('',(140.004224434796,29.0080240618641,4.83936691697272));
#2663=CARTESIAN_POINT('',(140.002593976846,29.0080240618885,4.81556121350796));
#2664=CARTESIAN_POINT('',(140.001292239195,29.0080240619129,4.79171996086299));
#2665=CARTESIAN_POINT('',(140.000320981437,29.0080240619373,4.76787408969245));
#2666=CARTESIAN_POINT('',(140.000000113476,29.0080240619616,4.74399340836427));
#2667=CARTESIAN_POINT('',(140.,29.0080240619737,4.73205080756886));
#2668=CARTESIAN_POINT('',(200.,12.0080240618274,2.99999999999996));
#2669=CARTESIAN_POINT('',(200.,12.0080240618274,2.99999999999996));
#2670=VECTOR('',#2671,1.);
#2671=DIRECTION('',(0.,1.,7.83686840911875E-17));
#2672=CARTESIAN_POINT('',(200.,12.0080240618274,3.99999999999996));
#2673=CARTESIAN_POINT('',(200.,29.0080240618274,3.99999999999996));
#2674=VECTOR('',#2675,1.);
#2675=DIRECTION('',(0.,-1.,-5.2245789394125E-17));
#2676=CARTESIAN_POINT('',(200.,12.0080240618274,3.99999999999996));
#2677=VECTOR('',#2678,1.);
#2678=DIRECTION('',(0.,0.,-1.));
#2679=CARTESIAN_POINT('',(140.007843258188,12.0080240618274,4.87499999693743));
#2680=CARTESIAN_POINT('',(141.,12.0080240618272,3.99999999999997));
#2681=AXIS2_PLACEMENT_3D('',#2682,#2683,#2684);
#2682=CARTESIAN_POINT('',(141.,12.0080240618274,4.99999999999998));
#2683=DIRECTION('',(0.,1.,0.));
#2684=DIRECTION('',(0.,0.,-1.));
#2685=CARTESIAN_POINT('',(140.007843257836,12.0080240618274,4.87499999537214));
#2686=CARTESIAN_POINT('',(140.006524336783,12.0080240618165,4.8631344742539));
#2687=CARTESIAN_POINT('',(140.004224434894,12.0080240617946,4.83936691697325));
#2688=CARTESIAN_POINT('',(140.002593976932,12.0080240617727,4.81556121351334));
#2689=CARTESIAN_POINT('',(140.001292239108,12.0080240617509,4.79171996085762));
#2690=CARTESIAN_POINT('',(140.000320981567,12.008024061729,4.76787408969626));
#2691=CARTESIAN_POINT('',(140.000000113303,12.0080240617072,4.74399340836204));
#2692=CARTESIAN_POINT('',(140.,12.0080240616963,4.73205080756886));
#2693=CARTESIAN_POINT('',(141.,12.0080240618274,2.99999999999997));
#2694=CARTESIAN_POINT('',(140.,12.0080240618274,4.73205080756885));
#2695=CARTESIAN_POINT('',(140.000000036436,12.0080240618275,4.71718509212761));
#2696=CARTESIAN_POINT('',(140.000455953078,12.0080240618275,4.68993587538965));
#2697=CARTESIAN_POINT('',(140.002470482026,12.0080240618274,4.64689922048048));
#2698=CARTESIAN_POINT('',(140.005917596152,12.0080240618274,4.60244809368491));
#2699=CARTESIAN_POINT('',(140.011459923295,12.0080240618274,4.55296939313101));
#2700=CARTESIAN_POINT('',(140.019284236178,12.0080240618275,4.50002312507805));
#2701=CARTESIAN_POINT('',(140.029996411251,12.0080240618274,4.44253127481363));
#2702=CARTESIAN_POINT('',(140.048025191706,12.0080240618274,4.36347474112288));
#2703=CARTESIAN_POINT('',(140.065767993079,12.0080240618275,4.30231432374654));
#2704=CARTESIAN_POINT('',(140.090908355867,12.0080240618274,4.22636202310201));
#2705=CARTESIAN_POINT('',(140.115885363228,12.0080240618275,4.15890113789746));
#2706=CARTESIAN_POINT('',(140.146896102893,12.0080240618274,4.08786069866479));
#2707=CARTESIAN_POINT('',(140.187843094065,12.0080240618274,4.00133515374932));
#2708=CARTESIAN_POINT('',(140.223584916697,12.0080240618274,3.9342990899143));
#2709=CARTESIAN_POINT('',(140.289621606537,12.0080240618274,3.82282258011588));
#2710=CARTESIAN_POINT('',(140.330154887987,12.0080240618273,3.76120130462859));
#2711=CARTESIAN_POINT('',(140.401493809511,12.0080240618275,3.66015735243099));
#2712=CARTESIAN_POINT('',(140.446918997717,12.0080240618274,3.60017617616263));
#2713=CARTESIAN_POINT('',(140.523815311433,12.0080240618275,3.50520038421369));
#2714=CARTESIAN_POINT('',(140.585247202986,12.0080240618273,3.43302234153022));
#2715=CARTESIAN_POINT('',(140.654581972441,12.0080240618277,3.35588743862899));
#2716=CARTESIAN_POINT('',(140.727056065355,12.0080240618265,3.27771517025301));
#2717=CARTESIAN_POINT('',(140.792507277803,12.0080240618341,3.20946171845868));
#2718=CARTESIAN_POINT('',(140.859930374743,12.0080240618169,3.14067581702989));
#2719=CARTESIAN_POINT('',(140.917054071303,12.0080240618776,3.08300066628852));
#2720=CARTESIAN_POINT('',(140.964010053009,12.008024061636,3.035989943312));
#2721=CARTESIAN_POINT('',(140.994294595149,12.0080240617865,3.00570540785072));
#2722=CARTESIAN_POINT('',(141.,12.0080240618274,2.99999999999997));
#2723=CARTESIAN_POINT('',(141.,12.0080240618274,2.99999999999997));
#2724=VECTOR('',#2725,1.);
#2725=DIRECTION('',(1.,0.,-1.80646458244093E-16));
#2726=CARTESIAN_POINT('',(141.,12.0080240618274,3.99999999999997));
#2727=VECTOR('',#2728,1.);
#2728=DIRECTION('',(1.,-6.02154860813644E-17,-1.88173394004264E-16));
#2729=CARTESIAN_POINT('',(1.,2.70802406182743,8.99999999999999));
#2730=CARTESIAN_POINT('',(190.,2.70802406182743,8.99999999999995));
#2731=CARTESIAN_POINT('',(1.,2.70802406182744,8.99999999999999));
#2732=VECTOR('',#2733,1.);
#2733=DIRECTION('',(1.,-1.87974268719603E-17,-1.69176841847643E-16));
#2734=CARTESIAN_POINT('',(190.,10.5080240618274,8.99999999999995));
#2735=CARTESIAN_POINT('',(190.,10.5080240618274,8.99999999999995));
#2736=VECTOR('',#2737,1.);
#2737=DIRECTION('',(0.,-1.,0.));
#2738=CARTESIAN_POINT('',(140.,10.5080240618274,8.99999999999996));
#2739=VECTOR('',#2740,1.);
#2740=DIRECTION('',(1.,0.,-1.77635683940025E-16));
#2741=CARTESIAN_POINT('',(190.,30.5080240618274,8.99999999999995));
#2742=CARTESIAN_POINT('',(190.,30.5080240618274,8.99999999999996));
#2743=VECTOR('',#2744,1.);
#2744=DIRECTION('',(-1.,0.,1.4210854715202E-16));
#2745=CARTESIAN_POINT('',(190.,38.3080240618274,8.99999999999995));
#2746=CARTESIAN_POINT('',(190.,38.3080240618274,8.99999999999996));
#2747=VECTOR('',#2748,1.);
#2748=DIRECTION('',(0.,-1.,-2.27738056333365E-16));
#2749=CARTESIAN_POINT('',(1.,38.3080240618274,8.99999999999999));
#2750=CARTESIAN_POINT('',(1.,38.3080240618274,8.99999999999999));
#2751=VECTOR('',#2752,1.);
#2752=DIRECTION('',(1.,0.,-1.78575555283623E-16));
#2753=CARTESIAN_POINT('',(1.,38.3080240618274,8.99999999999999));
#2754=VECTOR('',#2755,1.);
#2755=DIRECTION('',(0.,-1.,-4.98976640280969E-17));
#2756=CARTESIAN_POINT('',(190.,10.5080240618274,0.999999999999964));
#2757=CARTESIAN_POINT('',(190.,10.5080240618274,0.999999999999965));
#2758=VECTOR('',#2759,1.);
#2759=DIRECTION('',(-1.,0.,2.08721928629529E-16));
#2760=CARTESIAN_POINT('',(190.,10.5080240618274,8.99999999999995));
#2761=VECTOR('',#2762,1.);
#2762=DIRECTION('',(0.,0.,-1.));
#2763=CARTESIAN_POINT('',(190.,31.5080240618274,-3.76821164285373E-14));
#2764=CARTESIAN_POINT('',(140.,31.5080240618274,-2.93335197144873E-14));
#2765=VECTOR('',#2766,1.);
#2766=DIRECTION('',(1.,0.,-1.76225459807563E-16));
#2767=CARTESIAN_POINT('',(190.,9.50802406182744,-3.57865795480487E-14));
#2768=CARTESIAN_POINT('',(190.,9.50802406182744,-3.56916703371457E-14));
#2769=VECTOR('',#2770,1.);
#2770=DIRECTION('',(-1.,0.,1.96209474250816E-16));
#2771=CARTESIAN_POINT('',(190.,0.,-3.49024337756996E-14));
#2772=CARTESIAN_POINT('',(190.,0.,-3.49024337756996E-14));
#2773=VECTOR('',#2774,1.);
#2774=DIRECTION('',(0.,1.,-1.11988821875645E-16));
#2775=CARTESIAN_POINT('',(1.,-5.92119238079004E-16,-1.22464678744778E-16));
#2776=CARTESIAN_POINT('',(1.,-8.67799156369357E-19,-4.05741623042198E-16));
#2777=VECTOR('',#2778,1.);
#2778=DIRECTION('',(1.,-4.3741838095374E-22,-1.83697018117167E-16));
#2779=CARTESIAN_POINT('',(1.,41.0193955658299,-4.77625960602019E-15));
#2780=CARTESIAN_POINT('',(1.,-1.11022302462516E-15,-9.18485099360514E-17));
#2781=VECTOR('',#2782,1.);
#2782=DIRECTION('',(0.,1.,-1.1283260466428E-16));
#2783=CARTESIAN_POINT('',(190.,41.0193955658299,-3.94961475591679E-14));
#2784=CARTESIAN_POINT('',(1.,41.0193955658299,-4.77741080334047E-15));
#2785=VECTOR('',#2786,1.);
#2786=DIRECTION('',(1.,0.,-1.83697019872103E-16));
#2787=CARTESIAN_POINT('',(190.,31.5080240618274,-3.84309802700131E-14));
#2788=VECTOR('',#2789,1.);
#2789=DIRECTION('',(0.,1.,-1.11988821875646E-16));
#2790=CARTESIAN_POINT('',(190.,30.5080240618274,0.999999999999962));
#2791=CARTESIAN_POINT('',(140.,30.5080240618274,0.999999999999971));
#2792=VECTOR('',#2793,1.);
#2793=DIRECTION('',(1.,7.105427357601E-17,-1.73194791841524E-16));
#2794=CARTESIAN_POINT('',(190.,30.5080240618274,0.999999999999962));
#2795=VECTOR('',#2796,1.);
#2796=DIRECTION('',(0.,-4.44089209850063E-16,1.));
#2797=CARTESIAN_POINT('',(141.,29.008024061828,3.99999999999998));
#2798=VECTOR('',#2799,1.);
#2799=DIRECTION('',(0.,-1.,-1.04491578788243E-16));
#2800=AXIS2_PLACEMENT_3D('',#2801,#2802,#2803);
#2801=CARTESIAN_POINT('',(190.,31.5080240618274,0.999999999999961));
#2802=DIRECTION('',(1.,0.,-1.83697019872103E-16));
#2803=DIRECTION('',(8.15778644068137E-32,-1.,4.44089209850064E-16));
#2804=CARTESIAN_POINT('',(190.,41.0108785618018,1.49795559607254));
#2805=CARTESIAN_POINT('',(190.,41.0193955658299,-3.94961475591679E-14));
#2806=VECTOR('',#2807,1.);
#2807=DIRECTION('',(0.,-0.00568566009959882,0.999983836503987));
#2808=CARTESIAN_POINT('',(190.,39.3080240618274,1.49795559607254));
#2809=CARTESIAN_POINT('',(190.,39.3080240618274,1.49795559607254));
#2810=VECTOR('',#2811,1.);
#2811=DIRECTION('',(0.,1.,-1.30395524061733E-16));
#2812=CARTESIAN_POINT('',(190.,39.3080240618274,7.99999999999995));
#2813=CARTESIAN_POINT('',(190.,39.3080240618274,1.49795559607254));
#2814=VECTOR('',#2815,1.);
#2815=DIRECTION('',(0.,0.,1.));
#2816=AXIS2_PLACEMENT_3D('',#2817,#2818,#2819);
#2817=CARTESIAN_POINT('',(190.,38.3080240618274,7.99999999999995));
#2818=DIRECTION('',(1.,0.,-1.83697019872103E-16));
#2819=DIRECTION('',(0.,1.,0.));
#2820=CARTESIAN_POINT('',(1.62296649918854E-15,39.3080240618274,7.99999999999999));
#2821=CARTESIAN_POINT('',(1.84501110411357E-15,39.3080240618274,7.99999999999999));
#2822=VECTOR('',#2823,1.);
#2823=DIRECTION('',(1.,0.,-1.77635683940025E-16));
#2824=CARTESIAN_POINT('',(0.864841844781605,39.3080240618274,1.49795559607258));
#2825=CARTESIAN_POINT('',(0.864841844781609,39.3080240618274,1.49795559607257));
#2826=VECTOR('',#2827,1.);
#2827=DIRECTION('',(1.,0.,-1.8314394164557E-16));
#2828=CARTESIAN_POINT('',(9.2650662509014E-15,39.3080240618274,0.999999999999979));
#2829=AXIS2_PLACEMENT_3D('',#2830,#2831,#2832);
#2830=CARTESIAN_POINT('',(0.864841844781587,39.3080240618274,0.497955596072586));
#2831=DIRECTION('',(0.,-1.,0.));
#2832=DIRECTION('',(2.22044604925034E-16,0.,1.));
#2833=CARTESIAN_POINT('',(1.83697019872094E-16,39.3080240618274,0.999999999999949));
#2834=VECTOR('',#2835,1.);
#2835=DIRECTION('',(1.83697019872103E-16,0.,1.));
#2836=CARTESIAN_POINT('',(1.62296649918854E-15,1.70802406182743,7.99999999999999));
#2837=CARTESIAN_POINT('',(1.51194419672602E-15,39.3080240618274,7.99999999999999));
#2838=VECTOR('',#2839,1.);
#2839=DIRECTION('',(-5.24508580599077E-33,-1.,-7.08652994441589E-17));
#2840=CARTESIAN_POINT('',(7.93279862135122E-15,1.70802406182743,0.999999999999984));
#2841=CARTESIAN_POINT('',(2.02870812398567E-16,1.70802406182743,1.));
#2842=VECTOR('',#2843,1.);
#2843=DIRECTION('',(-9.83453588623269E-33,1.,-1.09250669976412E-16));
#2844=CARTESIAN_POINT('',(1.46957615897682E-15,1.70802406182743,7.99999999999999));
#2845=VECTOR('',#2846,1.);
#2846=DIRECTION('',(-1.83697019872103E-16,0.,-1.));
#2847=CARTESIAN_POINT('',(190.,1.70802406182743,7.99999999999995));
#2848=CARTESIAN_POINT('',(1.84501110411357E-15,1.70802406182743,7.99999999999999));
#2849=VECTOR('',#2850,1.);
#2850=DIRECTION('',(1.,0.,-1.72961060678445E-16));
#2851=CARTESIAN_POINT('',(0.864841844781606,1.70802406182743,1.49795559607258));
#2852=AXIS2_PLACEMENT_3D('',#2853,#2854,#2855);
#2853=CARTESIAN_POINT('',(0.864841844781585,1.70802406182743,0.497955596072586));
#2854=DIRECTION('',(-6.16297582203916E-33,1.,-3.17206578464331E-17));
#2855=DIRECTION('',(-0.864841844781584,1.59251787606965E-17,0.502044403927368));
#2856=CARTESIAN_POINT('',(190.,1.70802406182743,1.49795559607254));
#2857=CARTESIAN_POINT('',(0.864841844781606,1.70802406182743,1.49795559607257));
#2858=VECTOR('',#2859,1.);
#2859=DIRECTION('',(1.,0.,-1.8314394164557E-16));
#2860=CARTESIAN_POINT('',(190.,1.70802406182743,7.99999999999995));
#2861=VECTOR('',#2862,1.);
#2862=DIRECTION('',(0.,0.,-1.));
#2863=AXIS2_PLACEMENT_3D('',#2864,#2865,#2866);
#2864=CARTESIAN_POINT('',(190.,9.50802406182744,0.999999999999964));
#2865=DIRECTION('',(1.,0.,-1.83697019872103E-16));
#2866=DIRECTION('',(-1.83697019872103E-16,1.77635683940025E-15,-1.));
#2867=AXIS2_PLACEMENT_3D('',#2868,#2869,#2870);
#2868=CARTESIAN_POINT('',(190.,2.70802406182743,7.99999999999995));
#2869=DIRECTION('',(1.,0.,-1.83697019872103E-16));
#2870=DIRECTION('',(1.83697019872103E-16,4.44089209850062E-15,1.));
#2871=CARTESIAN_POINT('',(190.,0.00600984415881887,1.49795559607254));
#2872=CARTESIAN_POINT('',(190.,0.00600984415881887,1.49795559607254));
#2873=VECTOR('',#2874,1.);
#2874=DIRECTION('',(0.,1.,0.));
#2875=CARTESIAN_POINT('',(190.,0.00600984415881887,1.49795559607254));
#2876=VECTOR('',#2877,1.);
#2877=DIRECTION('',(0.,-0.00401199862449577,-0.999991951901132));
#2878=CARTESIAN_POINT('',(1.37169755428468E-14,0.0040120309137168,1.));
#2879=CARTESIAN_POINT('',(0.864841844781602,0.006009844158819,1.49795559607258));
#2880=CARTESIAN_POINT('',(1.95399252334028E-14,0.00401203091371716,0.999999999999986));
#2881=CARTESIAN_POINT('',(0.183305771886582,0.00527890943976887,1.31576988146332));
#2882=CARTESIAN_POINT('',(0.499723200987137,0.00600984415881891,1.49795559607258));
#2883=CARTESIAN_POINT('',(0.864841844781582,0.00600984415881892,1.49795559607259));
#2884=CARTESIAN_POINT('',(0.,0.00401203091371722,1.));
#2885=CARTESIAN_POINT('',(0.,0.00166183761712179,0.414213562373095));
#2886=CARTESIAN_POINT('',(0.414213562373095,1.73472347597681E-18,3.33066907387547E-16));
#2887=CARTESIAN_POINT('',(1.,1.73472347597681E-18,2.22044604925031E-16));
#2888=CARTESIAN_POINT('',(0.864841844781606,0.00600984415881887,1.49795559607257));
#2889=VECTOR('',#2890,1.);
#2890=DIRECTION('',(1.,-4.58593603880132E-21,-1.8314394164557E-16));
#2891=CARTESIAN_POINT('',(0.864841844781612,41.0108785618018,1.49795559607258));
#2892=CARTESIAN_POINT('',(1.56598658359408E-14,41.0137098138286,0.999999999999999));
#2893=CARTESIAN_POINT('',(3.09752223870419E-14,41.0137098138287,1.));
#2894=CARTESIAN_POINT('',(0.1833057718866,41.0119144245932,1.31576988146333));
#2895=CARTESIAN_POINT('',(0.499723200987161,41.0108785618018,1.49795559607259));
#2896=CARTESIAN_POINT('',(0.864841844781608,41.0108785618018,1.49795559607259));
#2897=CARTESIAN_POINT('',(190.,41.0108785618018,1.49795559607254));
#2898=VECTOR('',#2899,1.);
#2899=DIRECTION('',(-1.,0.,1.8314394164557E-16));
#2900=CARTESIAN_POINT('',(2.22044604925031E-16,41.0137098138287,0.999999999999996));
#2901=CARTESIAN_POINT('',(0.,41.0170404502387,0.414213562373091));
#2902=CARTESIAN_POINT('',(0.414213562373095,41.0193955658299,-4.9960036108132E-15));
#2903=CARTESIAN_POINT('',(1.,41.0193955658299,-4.9960036108132E-15));
#2904=CARTESIAN_POINT('',(0.864841844781608,39.3080240618274,1.49795559607258));
#2905=VECTOR('',#2906,1.);
#2906=DIRECTION('',(1.30395524061733E-16,1.,0.));
#2907=CARTESIAN_POINT('',(0.864841844781606,0.00600984415881918,1.49795559607258));
#2908=VECTOR('',#2909,1.);
#2909=DIRECTION('',(6.52299500850185E-17,1.,0.));
#2910=AXIS2_PLACEMENT_3D('',#2911,#2912,#2913);
#2911=CARTESIAN_POINT('',(141.,28.0080240618274,2.99999999999997));
#2912=DIRECTION('',(-1.,0.,1.76329539205172E-16));
#2913=DIRECTION('',(-1.56612091477701E-31,1.,-8.88178419700125E-16));
#2914=CARTESIAN_POINT('',(199.,28.0080240618274,1.99999999999996));
#2915=CARTESIAN_POINT('',(199.585786437627,28.5938104994543,1.99999999999996));
#2916=CARTESIAN_POINT('',(200.,29.0080240618274,2.41421356237306));
#2917=CARTESIAN_POINT('',(200.,29.0080240618274,2.99999999999996));
#2918=CARTESIAN_POINT('',(199.,13.0080240618274,1.99999999999996));
#2919=CARTESIAN_POINT('',(199.585786437627,12.4222376242005,1.99999999999996));
#2920=CARTESIAN_POINT('',(200.,12.0080240618274,2.41421356237306));
#2921=CARTESIAN_POINT('',(200.,12.0080240618274,2.99999999999996));
#2922=AXIS2_PLACEMENT_3D('',#2923,#2924,#2925);
#2923=CARTESIAN_POINT('',(141.,13.0080240618274,2.99999999999997));
#2924=DIRECTION('',(-1.,0.,1.82860262879438E-16));
#2925=DIRECTION('',(-1.82860262879438E-16,0.,-1.));
#2926=AXIS2_PLACEMENT_3D('',#2927,#2928,#2929);
#2927=CARTESIAN_POINT('',(141.,13.0080240618274,0.999999999999973));
#2928=DIRECTION('',(-5.11963583180809E-31,1.,-2.78699993901511E-15));
#2929=DIRECTION('',(-1.,-2.0254443298846E-31,1.11022302462516E-16));
#2930=AXIS2_PLACEMENT_3D('',#2931,#2932,#2933);
#2931=CARTESIAN_POINT('',(141.,28.0080240618274,0.999999999999974));
#2932=DIRECTION('',(0.,1.,7.72329060608805E-17));
#2933=DIRECTION('',(-1.,-4.72915155981527E-33,6.12323399573677E-17));
#2934=CARTESIAN_POINT('',(161.,15.5080240618274,0.99999999999997));
#2935=CARTESIAN_POINT('',(161.,15.5080240618274,1.58578643762688));
#2936=CARTESIAN_POINT('',(161.414213562373,15.0938104994543,1.99999999999997));
#2937=CARTESIAN_POINT('',(162.,14.5080240618274,1.99999999999997));
#2938=CARTESIAN_POINT('',(158.,14.5080240618274,1.99999999999997));
#2939=CARTESIAN_POINT('',(158.585786437627,15.0938104994543,1.99999999999997));
#2940=CARTESIAN_POINT('',(159.,15.5080240618274,1.58578643762688));
#2941=CARTESIAN_POINT('',(159.,15.5080240618274,0.999999999999971));
#2942=CARTESIAN_POINT('',(158.,26.5080240618274,1.99999999999997));
#2943=CARTESIAN_POINT('',(158.585786437627,25.9222376242005,1.99999999999997));
#2944=CARTESIAN_POINT('',(159.,25.5080240618274,1.58578643762688));
#2945=CARTESIAN_POINT('',(159.,25.5080240618274,0.999999999999972));
#2946=CARTESIAN_POINT('',(161.,25.5080240618274,0.999999999999969));
#2947=CARTESIAN_POINT('',(161.,25.5080240618274,1.58578643762687));
#2948=CARTESIAN_POINT('',(161.414213562373,25.9222376242005,1.99999999999997));
#2949=CARTESIAN_POINT('',(162.,26.5080240618274,1.99999999999997));
#2950=CARTESIAN_POINT('',(183.,15.5080240618274,0.999999999999966));
#2951=CARTESIAN_POINT('',(183.,15.5080240618274,1.58578643762687));
#2952=CARTESIAN_POINT('',(182.585786437627,15.0938104994543,1.99999999999997));
#2953=CARTESIAN_POINT('',(182.,14.5080240618273,1.99999999999997));
#2954=CARTESIAN_POINT('',(182.,26.5080240618274,1.99999999999997));
#2955=CARTESIAN_POINT('',(182.585786437627,25.9222376242005,1.99999999999997));
#2956=CARTESIAN_POINT('',(183.,25.5080240618274,1.58578643762687));
#2957=CARTESIAN_POINT('',(183.,25.5080240618274,0.999999999999967));
#2958=CARTESIAN_POINT('',(186.,26.5080240618274,1.99999999999997));
#2959=CARTESIAN_POINT('',(185.414213562373,25.9222376242005,1.99999999999997));
#2960=CARTESIAN_POINT('',(185.,25.5080240618274,1.58578643762687));
#2961=CARTESIAN_POINT('',(185.,25.5080240618274,0.999999999999966));
#2962=CARTESIAN_POINT('',(185.,15.5080240618278,0.999999999999966));
#2963=CARTESIAN_POINT('',(185.,15.5080240618278,1.58578643762687));
#2964=CARTESIAN_POINT('',(185.414213562373,15.0938104994548,1.99999999999997));
#2965=CARTESIAN_POINT('',(186.,14.508024061828,1.99999999999997));
#2966=CARTESIAN_POINT('',(173.,15.5080240618274,0.999999999999968));
#2967=CARTESIAN_POINT('',(173.,15.5080240618274,1.58578643762687));
#2968=CARTESIAN_POINT('',(173.414213562373,15.0938104994543,1.99999999999997));
#2969=CARTESIAN_POINT('',(174.,14.5080240618274,1.99999999999997));
#2970=CARTESIAN_POINT('',(173.,25.5080240618274,0.999999999999968));
#2971=CARTESIAN_POINT('',(173.,25.5080240618274,1.58578643762687));
#2972=CARTESIAN_POINT('',(173.414213562373,25.9222376242005,1.99999999999997));
#2973=CARTESIAN_POINT('',(174.,26.5080240618274,1.99999999999997));
#2974=CARTESIAN_POINT('',(179.,25.5080240618274,0.999999999999967));
#2975=CARTESIAN_POINT('',(179.,25.5080240618274,1.58578643762687));
#2976=CARTESIAN_POINT('',(179.414213562373,25.9222376242005,1.99999999999997));
#2977=CARTESIAN_POINT('',(180.,26.5080240618274,1.99999999999997));
#2978=CARTESIAN_POINT('',(179.,15.5080240618274,0.999999999999967));
#2979=CARTESIAN_POINT('',(179.,15.5080240618274,1.58578643762687));
#2980=CARTESIAN_POINT('',(179.414213562373,15.0938104994544,1.99999999999997));
#2981=CARTESIAN_POINT('',(180.,14.5080240618274,1.99999999999997));
#2982=CARTESIAN_POINT('',(177.,25.5080240618274,0.999999999999968));
#2983=CARTESIAN_POINT('',(177.,25.5080240618274,1.58578643762687));
#2984=CARTESIAN_POINT('',(176.585786437627,25.9222376242005,1.99999999999997));
#2985=CARTESIAN_POINT('',(176.,26.5080240618274,1.99999999999997));
#2986=CARTESIAN_POINT('',(177.,15.5080240618274,0.999999999999968));
#2987=CARTESIAN_POINT('',(177.,15.5080240618274,1.58578643762687));
#2988=CARTESIAN_POINT('',(176.585786437627,15.0938104994544,1.99999999999997));
#2989=CARTESIAN_POINT('',(176.,14.5080240618274,1.99999999999997));
#2990=CARTESIAN_POINT('',(2.22044604925031E-16,0.00401203091371638,1.));
#2991=VECTOR('',#2992,1.);
#2992=DIRECTION('',(0.,1.,-1.30306946721478E-16));
#2993=CARTESIAN_POINT('',(2.22044604925031E-16,39.3080240618274,0.999999999999996));
#2994=VECTOR('',#2995,1.);
#2995=DIRECTION('',(0.,1.,-1.30179081735611E-16));
#2996=CARTESIAN_POINT('',(1.,2.70802406182743,8.99999999999999));
#2997=CARTESIAN_POINT('',(0.414213562373098,2.12223762420053,8.99999999999999));
#2998=CARTESIAN_POINT('',(2.33146835171283E-15,1.70802406182743,8.58578643762689));
#2999=CARTESIAN_POINT('',(1.77635683940025E-15,1.70802406182743,7.99999999999999));
#3000=CARTESIAN_POINT('',(1.,38.3080240618274,8.99999999999999));
#3001=CARTESIAN_POINT('',(0.414213562373098,38.8938104994543,8.99999999999999));
#3002=CARTESIAN_POINT('',(2.1094237467878E-15,39.3080240618274,8.5857864376269));
#3003=CARTESIAN_POINT('',(1.33226762955019E-15,39.3080240618274,7.99999999999999));
#3004=CARTESIAN_POINT('',(140.,28.0080240618274,4.99999999999998));
#3005=CARTESIAN_POINT('',(140.,28.0080345215331,5.00000000027413));
#3006=CARTESIAN_POINT('',(139.999999999724,28.0724556937882,5.00000143530661));
#3007=CARTESIAN_POINT('',(139.999992676607,28.1994546061151,4.99692801868423));
#3008=CARTESIAN_POINT('',(140.000088688252,28.3899608486391,4.98325449925436));
#3009=CARTESIAN_POINT('',(140.000628050647,28.5717374295596,4.96161302659227));
#3010=CARTESIAN_POINT('',(140.002032704548,28.7396497277213,4.93411394003292));
#3011=CARTESIAN_POINT('',(140.004367404274,28.8825843768679,4.90510872041044));
#3012=CARTESIAN_POINT('',(140.006634392353,28.9695488453732,4.88461990990853));
#3013=CARTESIAN_POINT('',(140.007843258094,29.0080240618274,4.87499999768604));
#3014=CARTESIAN_POINT('',(140.,13.0080240618274,4.99999999999997));
#3015=CARTESIAN_POINT('',(140.,13.0080136023658,5.00000000027414));
#3016=CARTESIAN_POINT('',(139.999999999881,12.9435916944992,5.00000143542903));
#3017=CARTESIAN_POINT('',(139.999992676203,12.8165905973866,4.9969279307013));
#3018=CARTESIAN_POINT('',(140.000088693353,12.6260809933631,4.98325396129062));
#3019=CARTESIAN_POINT('',(140.000628091625,12.4443017749923,4.96161179681518));
#3020=CARTESIAN_POINT('',(140.00203281032,12.2763897428546,4.93411232999632));
#3021=CARTESIAN_POINT('',(140.004367528779,12.1334584654977,4.90510751080881));
#3022=CARTESIAN_POINT('',(140.006634452467,12.0464973538814,4.88461942862685));
#3023=CARTESIAN_POINT('',(140.007843258094,12.0080240618274,4.87499999768604));
#3024=CARTESIAN_POINT('',(171.,25.5080240618274,0.999999999999969));
#3025=CARTESIAN_POINT('',(171.,25.5080240618274,1.58578643762687));
#3026=CARTESIAN_POINT('',(170.585786437627,25.9222376242005,1.99999999999997));
#3027=CARTESIAN_POINT('',(170.,26.5080240618274,1.99999999999997));
#3028=CARTESIAN_POINT('',(171.,15.5080240618274,0.999999999999968));
#3029=CARTESIAN_POINT('',(171.,15.5080240618274,1.58578643762687));
#3030=CARTESIAN_POINT('',(170.585786437627,15.0938104994543,1.99999999999997));
#3031=CARTESIAN_POINT('',(170.,14.5080240618274,1.99999999999997));
#3032=CARTESIAN_POINT('',(165.,25.5080240618274,0.99999999999997));
#3033=CARTESIAN_POINT('',(165.,25.5080240618274,1.58578643762688));
#3034=CARTESIAN_POINT('',(164.585786437627,25.9222376242005,1.99999999999997));
#3035=CARTESIAN_POINT('',(164.,26.5080240618274,1.99999999999997));
#3036=CARTESIAN_POINT('',(167.,25.5080240618274,0.99999999999997));
#3037=CARTESIAN_POINT('',(167.,25.5080240618274,1.58578643762687));
#3038=CARTESIAN_POINT('',(167.414213562373,25.9222376242005,1.99999999999997));
#3039=CARTESIAN_POINT('',(168.,26.5080240618274,1.99999999999997));
#3040=CARTESIAN_POINT('',(165.,15.5080240618274,0.999999999999969));
#3041=CARTESIAN_POINT('',(165.,15.5080240618274,1.58578643762687));
#3042=CARTESIAN_POINT('',(164.585786437627,15.0938104994543,1.99999999999997));
#3043=CARTESIAN_POINT('',(164.,14.5080240618274,1.99999999999997));
#3044=CARTESIAN_POINT('',(167.,15.5080240618274,0.999999999999969));
#3045=CARTESIAN_POINT('',(167.,15.5080240618274,1.58578643762687));
#3046=CARTESIAN_POINT('',(167.414213562373,15.0938104994543,1.99999999999997));
#3047=CARTESIAN_POINT('',(168.,14.5080240618274,1.99999999999997));
ENDSEC;
END-ISO-10303-21;
